-- phpMyAdmin SQL Dump
-- version 4.6.4
-- https://www.phpmyadmin.net/
--
-- Client :  localhost
-- Généré le :  Jeu 26 Janvier 2017 à 20:20
-- Version du serveur :  5.6.28
-- Version de PHP :  7.0.10

SET SQL_MODE = "NO_AUTO_VALUE_ON_ZERO";
SET time_zone = "+00:00";


/*!40101 SET @OLD_CHARACTER_SET_CLIENT=@@CHARACTER_SET_CLIENT */;
/*!40101 SET @OLD_CHARACTER_SET_RESULTS=@@CHARACTER_SET_RESULTS */;
/*!40101 SET @OLD_COLLATION_CONNECTION=@@COLLATION_CONNECTION */;
/*!40101 SET NAMES utf8mb4 */;

--
-- Base de données :  `mydb`
--

-- --------------------------------------------------------

--
-- Structure de la table `amis`
--

CREATE TABLE `amis` (
  `id` int(11) NOT NULL,
  `users_id` int(11) NOT NULL,
  `users_amis_id` int(11) NOT NULL
) ENGINE=InnoDB DEFAULT CHARSET=utf8;

--
-- Contenu de la table `amis`
--

INSERT INTO `amis` (`id`, `users_id`, `users_amis_id`) VALUES
(4, 1, 2),
(5, 1, 4),
(6, 1, 3),
(7, 4, 1),
(8, 6, 3),
(9, 6, 5),
(10, 1, 5),
(11, 4, 5);

-- --------------------------------------------------------

--
-- Structure de la table `biblio`
--

CREATE TABLE `biblio` (
  `id` int(11) NOT NULL,
  `users_id` int(11) NOT NULL,
  `jeux_id` int(11) NOT NULL,
  `time` datetime DEFAULT NULL
) ENGINE=InnoDB DEFAULT CHARSET=utf8;

--
-- Contenu de la table `biblio`
--

INSERT INTO `biblio` (`id`, `users_id`, `jeux_id`, `time`) VALUES
(14, 1, 24, NULL),
(15, 4, 35, NULL),
(16, 1, 3, NULL),
(17, 1, 5, NULL),
(18, 4, 35, NULL);

-- --------------------------------------------------------

--
-- Structure de la table `categorie`
--

CREATE TABLE `categorie` (
  `id` int(11) NOT NULL,
  `name` varchar(45) DEFAULT NULL
) ENGINE=InnoDB DEFAULT CHARSET=utf8;

--
-- Contenu de la table `categorie`
--

INSERT INTO `categorie` (`id`, `name`) VALUES
(1, 'Arcade'),
(2, 'Indie'),
(3, 'Adventure'),
(4, 'Pinball'),
(5, 'Quiz/Trivia'),
(6, 'Hack and slash/Beat \'em up'),
(7, 'Tactical'),
(8, 'Turn-based strategy (TBS)'),
(9, 'Strategy'),
(10, 'Sport'),
(11, 'Simulator'),
(12, 'Role-playing (RPG)'),
(13, 'Real Time Strategy (RTS)'),
(14, 'Racing'),
(15, 'Puzzle'),
(16, 'Platform'),
(17, 'Music'),
(18, 'Shooter'),
(19, 'Fighting'),
(20, 'Point-and-click'),
(21, 'Arcade'),
(22, 'Indie'),
(23, 'Adventure'),
(24, 'Pinball'),
(25, 'Quiz/Trivia'),
(26, 'Hack and slash/Beat \'em up'),
(27, 'Tactical'),
(28, 'Turn-based strategy (TBS)'),
(29, 'Strategy'),
(30, 'Sport'),
(31, 'Simulator'),
(32, 'Role-playing (RPG)'),
(33, 'Real Time Strategy (RTS)'),
(34, 'Racing'),
(35, 'Puzzle'),
(36, 'Platform'),
(37, 'Music'),
(38, 'Shooter'),
(39, 'Fighting'),
(40, 'Point-and-click'),
(41, 'Arcade'),
(42, 'Indie'),
(43, 'Adventure'),
(44, 'Pinball'),
(45, 'Quiz/Trivia'),
(46, 'Hack and slash/Beat \'em up'),
(47, 'Tactical'),
(48, 'Turn-based strategy (TBS)'),
(49, 'Strategy'),
(50, 'Sport'),
(51, 'Simulator'),
(52, 'Role-playing (RPG)'),
(53, 'Real Time Strategy (RTS)'),
(54, 'Racing'),
(55, 'Puzzle'),
(56, 'Platform'),
(57, 'Music'),
(58, 'Shooter'),
(59, 'Fighting'),
(60, 'Point-and-click'),
(61, 'Arcade'),
(62, 'Indie'),
(63, 'Adventure'),
(64, 'Pinball'),
(65, 'Quiz/Trivia'),
(66, 'Hack and slash/Beat \'em up'),
(67, 'Tactical'),
(68, 'Turn-based strategy (TBS)'),
(69, 'Strategy'),
(70, 'Sport'),
(71, 'Simulator'),
(72, 'Role-playing (RPG)'),
(73, 'Real Time Strategy (RTS)'),
(74, 'Racing'),
(75, 'Puzzle'),
(76, 'Platform'),
(77, 'Music'),
(78, 'Shooter'),
(79, 'Fighting'),
(80, 'Point-and-click'),
(81, 'Arcade'),
(82, 'Indie'),
(83, 'Adventure'),
(84, 'Pinball'),
(85, 'Quiz/Trivia'),
(86, 'Hack and slash/Beat \'em up'),
(87, 'Tactical'),
(88, 'Turn-based strategy (TBS)'),
(89, 'Strategy'),
(90, 'Sport'),
(91, 'Simulator'),
(92, 'Role-playing (RPG)'),
(93, 'Real Time Strategy (RTS)'),
(94, 'Racing'),
(95, 'Puzzle'),
(96, 'Platform'),
(97, 'Music'),
(98, 'Shooter'),
(99, 'Fighting'),
(100, 'Point-and-click'),
(101, 'Arcade'),
(102, 'Indie'),
(103, 'Adventure'),
(104, 'Pinball'),
(105, 'Quiz/Trivia'),
(106, 'Hack and slash/Beat \'em up'),
(107, 'Tactical'),
(108, 'Turn-based strategy (TBS)'),
(109, 'Strategy'),
(110, 'Sport'),
(111, 'Simulator'),
(112, 'Role-playing (RPG)'),
(113, 'Real Time Strategy (RTS)'),
(114, 'Racing'),
(115, 'Puzzle'),
(116, 'Platform'),
(117, 'Music'),
(118, 'Shooter'),
(119, 'Fighting'),
(120, 'Point-and-click'),
(121, 'Arcade'),
(122, 'Indie'),
(123, 'Adventure'),
(124, 'Pinball'),
(125, 'Quiz/Trivia'),
(126, 'Hack and slash/Beat \'em up'),
(127, 'Tactical'),
(128, 'Turn-based strategy (TBS)'),
(129, 'Strategy'),
(130, 'Sport'),
(131, 'Simulator'),
(132, 'Role-playing (RPG)'),
(133, 'Real Time Strategy (RTS)'),
(134, 'Racing'),
(135, 'Puzzle'),
(136, 'Platform'),
(137, 'Music'),
(138, 'Shooter'),
(139, 'Fighting'),
(140, 'Point-and-click'),
(141, 'Arcade'),
(142, 'Indie'),
(143, 'Adventure'),
(144, 'Pinball'),
(145, 'Quiz/Trivia'),
(146, 'Hack and slash/Beat \'em up'),
(147, 'Tactical'),
(148, 'Turn-based strategy (TBS)'),
(149, 'Strategy'),
(150, 'Sport'),
(151, 'Simulator'),
(152, 'Role-playing (RPG)'),
(153, 'Real Time Strategy (RTS)'),
(154, 'Racing'),
(155, 'Puzzle'),
(156, 'Platform'),
(157, 'Music'),
(158, 'Shooter'),
(159, 'Fighting'),
(160, 'Point-and-click'),
(161, 'Arcade'),
(162, 'Indie'),
(163, 'Adventure'),
(164, 'Pinball'),
(165, 'Quiz/Trivia'),
(166, 'Hack and slash/Beat \'em up'),
(167, 'Tactical'),
(168, 'Turn-based strategy (TBS)'),
(169, 'Strategy'),
(170, 'Sport'),
(171, 'Simulator'),
(172, 'Role-playing (RPG)'),
(173, 'Real Time Strategy (RTS)'),
(174, 'Racing'),
(175, 'Puzzle'),
(176, 'Platform'),
(177, 'Music'),
(178, 'Shooter'),
(179, 'Fighting'),
(180, 'Point-and-click'),
(181, 'Arcade'),
(182, 'Indie'),
(183, 'Adventure'),
(184, 'Pinball'),
(185, 'Quiz/Trivia'),
(186, 'Hack and slash/Beat \'em up'),
(187, 'Tactical'),
(188, 'Turn-based strategy (TBS)'),
(189, 'Strategy'),
(190, 'Sport'),
(191, 'Simulator'),
(192, 'Role-playing (RPG)'),
(193, 'Real Time Strategy (RTS)'),
(194, 'Racing'),
(195, 'Puzzle'),
(196, 'Platform'),
(197, 'Music'),
(198, 'Shooter'),
(199, 'Fighting'),
(200, 'Point-and-click'),
(201, 'Arcade'),
(202, 'Indie'),
(203, 'Adventure'),
(204, 'Pinball'),
(205, 'Quiz/Trivia'),
(206, 'Hack and slash/Beat \'em up'),
(207, 'Tactical'),
(208, 'Turn-based strategy (TBS)'),
(209, 'Strategy'),
(210, 'Sport'),
(211, 'Simulator'),
(212, 'Role-playing (RPG)'),
(213, 'Real Time Strategy (RTS)'),
(214, 'Racing'),
(215, 'Puzzle'),
(216, 'Platform'),
(217, 'Music'),
(218, 'Shooter'),
(219, 'Fighting'),
(220, 'Point-and-click'),
(221, 'Arcade'),
(222, 'Indie'),
(223, 'Adventure'),
(224, 'Pinball'),
(225, 'Quiz/Trivia'),
(226, 'Hack and slash/Beat \'em up'),
(227, 'Tactical'),
(228, 'Turn-based strategy (TBS)'),
(229, 'Strategy'),
(230, 'Sport'),
(231, 'Simulator'),
(232, 'Role-playing (RPG)'),
(233, 'Real Time Strategy (RTS)'),
(234, 'Racing'),
(235, 'Puzzle'),
(236, 'Platform'),
(237, 'Music'),
(238, 'Shooter'),
(239, 'Fighting'),
(240, 'Point-and-click'),
(241, 'Arcade'),
(242, 'Indie'),
(243, 'Adventure'),
(244, 'Pinball'),
(245, 'Quiz/Trivia'),
(246, 'Hack and slash/Beat \'em up'),
(247, 'Tactical'),
(248, 'Turn-based strategy (TBS)'),
(249, 'Strategy'),
(250, 'Sport'),
(251, 'Simulator'),
(252, 'Role-playing (RPG)'),
(253, 'Real Time Strategy (RTS)'),
(254, 'Racing'),
(255, 'Puzzle'),
(256, 'Platform'),
(257, 'Music'),
(258, 'Shooter'),
(259, 'Fighting'),
(260, 'Point-and-click'),
(261, 'Arcade'),
(262, 'Indie'),
(263, 'Adventure'),
(264, 'Pinball'),
(265, 'Quiz/Trivia'),
(266, 'Hack and slash/Beat \'em up'),
(267, 'Tactical'),
(268, 'Turn-based strategy (TBS)'),
(269, 'Strategy'),
(270, 'Sport'),
(271, 'Simulator'),
(272, 'Role-playing (RPG)'),
(273, 'Real Time Strategy (RTS)'),
(274, 'Racing'),
(275, 'Puzzle'),
(276, 'Platform'),
(277, 'Music'),
(278, 'Shooter'),
(279, 'Fighting'),
(280, 'Point-and-click'),
(281, 'Arcade'),
(282, 'Indie'),
(283, 'Adventure'),
(284, 'Pinball'),
(285, 'Quiz/Trivia'),
(286, 'Hack and slash/Beat \'em up'),
(287, 'Tactical'),
(288, 'Turn-based strategy (TBS)'),
(289, 'Strategy'),
(290, 'Sport'),
(291, 'Simulator'),
(292, 'Role-playing (RPG)'),
(293, 'Real Time Strategy (RTS)'),
(294, 'Racing'),
(295, 'Puzzle'),
(296, 'Platform'),
(297, 'Music'),
(298, 'Shooter'),
(299, 'Fighting'),
(300, 'Point-and-click'),
(301, 'Arcade'),
(302, 'Indie'),
(303, 'Adventure'),
(304, 'Pinball'),
(305, 'Quiz/Trivia'),
(306, 'Hack and slash/Beat \'em up'),
(307, 'Tactical'),
(308, 'Turn-based strategy (TBS)'),
(309, 'Strategy'),
(310, 'Sport'),
(311, 'Simulator'),
(312, 'Role-playing (RPG)'),
(313, 'Real Time Strategy (RTS)'),
(314, 'Racing'),
(315, 'Puzzle'),
(316, 'Platform'),
(317, 'Music'),
(318, 'Shooter'),
(319, 'Fighting'),
(320, 'Point-and-click'),
(321, 'Arcade'),
(322, 'Indie'),
(323, 'Adventure'),
(324, 'Pinball'),
(325, 'Quiz/Trivia'),
(326, 'Hack and slash/Beat \'em up'),
(327, 'Tactical'),
(328, 'Turn-based strategy (TBS)'),
(329, 'Strategy'),
(330, 'Sport'),
(331, 'Simulator'),
(332, 'Role-playing (RPG)'),
(333, 'Real Time Strategy (RTS)'),
(334, 'Racing'),
(335, 'Puzzle'),
(336, 'Platform'),
(337, 'Music'),
(338, 'Shooter'),
(339, 'Fighting'),
(340, 'Point-and-click'),
(341, 'Arcade'),
(342, 'Indie'),
(343, 'Adventure'),
(344, 'Pinball'),
(345, 'Quiz/Trivia'),
(346, 'Hack and slash/Beat \'em up'),
(347, 'Tactical'),
(348, 'Turn-based strategy (TBS)'),
(349, 'Strategy'),
(350, 'Sport'),
(351, 'Simulator'),
(352, 'Role-playing (RPG)'),
(353, 'Real Time Strategy (RTS)'),
(354, 'Racing'),
(355, 'Puzzle'),
(356, 'Platform'),
(357, 'Music'),
(358, 'Shooter'),
(359, 'Fighting'),
(360, 'Point-and-click'),
(361, 'Arcade'),
(362, 'Indie'),
(363, 'Adventure'),
(364, 'Pinball'),
(365, 'Quiz/Trivia'),
(366, 'Hack and slash/Beat \'em up'),
(367, 'Tactical'),
(368, 'Turn-based strategy (TBS)'),
(369, 'Strategy'),
(370, 'Sport'),
(371, 'Simulator'),
(372, 'Role-playing (RPG)'),
(373, 'Real Time Strategy (RTS)'),
(374, 'Racing'),
(375, 'Puzzle'),
(376, 'Platform'),
(377, 'Music'),
(378, 'Shooter'),
(379, 'Fighting'),
(380, 'Point-and-click'),
(381, 'Arcade'),
(382, 'Indie'),
(383, 'Adventure'),
(384, 'Pinball'),
(385, 'Quiz/Trivia'),
(386, 'Hack and slash/Beat \'em up'),
(387, 'Tactical'),
(388, 'Turn-based strategy (TBS)'),
(389, 'Strategy'),
(390, 'Sport'),
(391, 'Simulator'),
(392, 'Role-playing (RPG)'),
(393, 'Real Time Strategy (RTS)'),
(394, 'Racing'),
(395, 'Puzzle'),
(396, 'Platform'),
(397, 'Music'),
(398, 'Shooter'),
(399, 'Fighting'),
(400, 'Point-and-click'),
(401, 'Arcade'),
(402, 'Indie'),
(403, 'Adventure'),
(404, 'Pinball'),
(405, 'Quiz/Trivia'),
(406, 'Hack and slash/Beat \'em up'),
(407, 'Tactical'),
(408, 'Turn-based strategy (TBS)'),
(409, 'Strategy'),
(410, 'Sport'),
(411, 'Simulator'),
(412, 'Role-playing (RPG)'),
(413, 'Real Time Strategy (RTS)'),
(414, 'Racing'),
(415, 'Puzzle'),
(416, 'Platform'),
(417, 'Music'),
(418, 'Shooter'),
(419, 'Fighting'),
(420, 'Point-and-click'),
(421, 'Arcade'),
(422, 'Indie'),
(423, 'Adventure'),
(424, 'Pinball'),
(425, 'Quiz/Trivia'),
(426, 'Hack and slash/Beat \'em up'),
(427, 'Tactical'),
(428, 'Turn-based strategy (TBS)'),
(429, 'Strategy'),
(430, 'Sport'),
(431, 'Simulator'),
(432, 'Role-playing (RPG)'),
(433, 'Real Time Strategy (RTS)'),
(434, 'Racing'),
(435, 'Puzzle'),
(436, 'Platform'),
(437, 'Music'),
(438, 'Shooter'),
(439, 'Fighting'),
(440, 'Point-and-click'),
(441, 'Arcade'),
(442, 'Indie'),
(443, 'Adventure'),
(444, 'Pinball'),
(445, 'Quiz/Trivia'),
(446, 'Hack and slash/Beat \'em up'),
(447, 'Tactical'),
(448, 'Turn-based strategy (TBS)'),
(449, 'Strategy'),
(450, 'Sport'),
(451, 'Simulator'),
(452, 'Role-playing (RPG)'),
(453, 'Real Time Strategy (RTS)'),
(454, 'Racing'),
(455, 'Puzzle'),
(456, 'Platform'),
(457, 'Music'),
(458, 'Shooter'),
(459, 'Fighting'),
(460, 'Point-and-click'),
(461, 'Arcade'),
(462, 'Indie'),
(463, 'Adventure'),
(464, 'Pinball'),
(465, 'Quiz/Trivia'),
(466, 'Hack and slash/Beat \'em up'),
(467, 'Tactical'),
(468, 'Turn-based strategy (TBS)'),
(469, 'Strategy'),
(470, 'Sport'),
(471, 'Simulator'),
(472, 'Role-playing (RPG)'),
(473, 'Real Time Strategy (RTS)'),
(474, 'Racing'),
(475, 'Puzzle'),
(476, 'Platform'),
(477, 'Music'),
(478, 'Shooter'),
(479, 'Fighting'),
(480, 'Point-and-click'),
(481, 'Arcade'),
(482, 'Indie'),
(483, 'Adventure'),
(484, 'Pinball'),
(485, 'Quiz/Trivia'),
(486, 'Hack and slash/Beat \'em up'),
(487, 'Tactical'),
(488, 'Turn-based strategy (TBS)'),
(489, 'Strategy'),
(490, 'Sport'),
(491, 'Simulator'),
(492, 'Role-playing (RPG)'),
(493, 'Real Time Strategy (RTS)'),
(494, 'Racing'),
(495, 'Puzzle'),
(496, 'Platform'),
(497, 'Music'),
(498, 'Shooter'),
(499, 'Fighting'),
(500, 'Point-and-click'),
(501, 'Arcade'),
(502, 'Indie'),
(503, 'Adventure'),
(504, 'Pinball'),
(505, 'Quiz/Trivia'),
(506, 'Hack and slash/Beat \'em up'),
(507, 'Tactical'),
(508, 'Turn-based strategy (TBS)'),
(509, 'Strategy'),
(510, 'Sport'),
(511, 'Simulator'),
(512, 'Role-playing (RPG)'),
(513, 'Real Time Strategy (RTS)'),
(514, 'Racing'),
(515, 'Puzzle'),
(516, 'Platform'),
(517, 'Music'),
(518, 'Shooter'),
(519, 'Fighting'),
(520, 'Point-and-click'),
(521, 'Arcade'),
(522, 'Indie'),
(523, 'Adventure'),
(524, 'Pinball'),
(525, 'Quiz/Trivia'),
(526, 'Hack and slash/Beat \'em up'),
(527, 'Tactical'),
(528, 'Turn-based strategy (TBS)'),
(529, 'Strategy'),
(530, 'Sport'),
(531, 'Simulator'),
(532, 'Role-playing (RPG)'),
(533, 'Real Time Strategy (RTS)'),
(534, 'Racing'),
(535, 'Puzzle'),
(536, 'Platform'),
(537, 'Music'),
(538, 'Shooter'),
(539, 'Fighting'),
(540, 'Point-and-click'),
(541, 'Arcade'),
(542, 'Indie'),
(543, 'Adventure'),
(544, 'Pinball'),
(545, 'Quiz/Trivia'),
(546, 'Hack and slash/Beat \'em up'),
(547, 'Tactical'),
(548, 'Turn-based strategy (TBS)'),
(549, 'Strategy'),
(550, 'Sport'),
(551, 'Simulator'),
(552, 'Role-playing (RPG)'),
(553, 'Real Time Strategy (RTS)'),
(554, 'Racing'),
(555, 'Puzzle'),
(556, 'Platform'),
(557, 'Music'),
(558, 'Shooter'),
(559, 'Fighting'),
(560, 'Point-and-click');

-- --------------------------------------------------------

--
-- Structure de la table `categorie_jeux`
--

CREATE TABLE `categorie_jeux` (
  `id` int(11) NOT NULL,
  `categorie_id` int(11) NOT NULL,
  `jeux_id` int(11) NOT NULL
) ENGINE=InnoDB DEFAULT CHARSET=utf8;

--
-- Contenu de la table `categorie_jeux`
--

INSERT INTO `categorie_jeux` (`id`, `categorie_id`, `jeux_id`) VALUES
(1, 16, 33),
(2, 16, 34),
(3, 15, 35),
(4, 16, 36),
(5, 3, 36),
(6, 14, 37),
(7, 9, 38),
(8, 15, 39),
(9, 3, 39),
(10, 2, 39),
(11, 18, 40),
(12, 14, 40),
(13, 3, 40),
(14, 11, 41),
(15, 16, 42),
(16, 6, 43),
(17, 16, 44),
(18, 14, 45),
(19, 11, 46),
(20, 10, 46),
(21, 16, 47),
(22, 11, 48),
(23, 11, 49),
(24, 18, 50),
(25, 18, 51),
(26, 3, 51),
(27, 11, 52),
(28, 2, 52),
(29, 9, 52),
(30, 2, 53),
(31, 11, 54),
(32, 14, 55),
(33, 20, 56),
(34, 2, 56),
(35, 11, 57),
(36, 2, 57),
(37, 9, 57),
(38, 18, 58),
(39, 11, 59),
(40, 10, 59),
(41, 12, 60),
(42, 3, 60),
(43, 3, 61),
(44, 2, 61),
(45, 20, 61),
(46, 15, 62),
(47, 18, 63),
(48, 11, 63),
(49, 18, 64),
(50, 16, 65),
(51, 3, 65),
(52, 15, 65),
(53, 16, 66),
(54, 12, 67),
(55, 11, 67),
(56, 2, 67),
(57, 14, 68),
(58, 3, 69),
(59, 2, 69),
(60, 20, 70),
(61, 11, 71),
(62, 2, 71),
(63, 3, 72),
(64, 3, 73),
(65, 19, 73),
(66, 3, 74),
(67, 12, 75),
(68, 3, 75),
(69, 3, 76),
(70, 2, 76),
(71, 16, 77),
(72, 11, 78),
(73, 2, 78),
(74, 9, 78),
(75, 18, 79),
(76, 18, 80),
(77, 16, 81),
(78, 11, 82),
(79, 11, 83),
(80, 18, 84),
(81, 3, 85),
(82, 19, 85),
(83, 8, 85),
(84, 12, 86),
(85, 12, 87),
(86, 3, 87),
(87, 19, 88),
(88, 12, 88),
(89, 3, 88),
(90, 18, 90),
(91, 7, 90),
(92, 18, 91),
(93, 11, 91),
(94, 3, 91),
(95, 14, 91),
(96, 10, 92),
(97, 16, 93),
(98, 3, 94),
(99, 3, 95),
(100, 18, 96),
(101, 7, 96),
(102, 10, 97),
(103, 3, 99),
(104, 18, 100),
(105, 7, 100),
(106, 11, 101),
(107, 2, 101),
(108, 9, 101),
(109, 11, 103),
(110, 3, 104),
(111, 2, 104),
(112, 14, 105),
(113, 11, 105),
(114, 18, 106),
(115, 3, 107),
(116, 18, 108),
(117, 14, 108),
(118, 3, 108),
(119, 18, 109),
(120, 16, 110),
(121, 3, 110),
(122, 15, 110),
(123, 2, 110),
(124, 9, 111),
(125, 7, 111),
(126, 18, 112),
(127, 6, 112),
(128, 18, 113),
(129, 6, 113),
(130, 1, 114),
(131, 14, 114),
(132, 17, 115),
(133, 18, 116),
(134, 12, 116),
(135, 3, 116),
(136, 11, 117),
(137, 3, 117),
(138, 9, 117),
(139, 2, 117),
(140, 18, 118),
(141, 3, 118),
(142, 19, 119),
(143, 18, 120),
(144, 3, 120),
(145, 2, 120),
(146, 12, 121),
(147, 12, 122),
(148, 2, 122),
(149, 3, 122),
(150, 19, 123),
(151, 12, 125),
(152, 16, 126),
(153, 3, 127),
(154, 15, 127),
(155, 20, 127),
(156, 9, 128),
(157, 11, 129),
(158, 3, 129),
(159, 16, 130),
(160, 3, 130),
(161, 2, 131),
(162, 3, 131),
(163, 20, 132);

-- --------------------------------------------------------

--
-- Structure de la table `jeux`
--

CREATE TABLE `jeux` (
  `id` int(11) NOT NULL,
  `name` varchar(45) DEFAULT NULL,
  `summary` varchar(255) DEFAULT NULL,
  `cover_url` varchar(255) DEFAULT NULL
) ENGINE=InnoDB DEFAULT CHARSET=utf8;

--
-- Contenu de la table `jeux`
--

INSERT INTO `jeux` (`id`, `name`, `summary`, `cover_url`) VALUES
(2, 'Astroneer', NULL, '//www.gamespark.jp/imgs/p/-o8hUiIkCj_ci7ffBUQ5xjkJUgdcBQQDAgEA/173076.jpg'),
(3, 'Dota', NULL, '//www.trackdota.com/images/trackdota90.a3bde8aa.png'),
(4, 'Diablo 3 ', NULL, '//www.gamespark.jp/imgs/p/-o8hUiIkCj_ci7ffBUQ5xjkJUgdcBQQDAgEA/168626.jpg'),
(5, 'Overwatch', NULL, '//t0.gstatic.com/images?q=tbn:ANd9GcQs3o4C63o1HSU95zOUPR2TVCAiPmfXKYm_LEbRxkeoajjbvVDadZYJ'),
(24, 'Super Mario World', 'Super Mario World (known in Japan as Super Mario World: Super Mario Bros. 4) is a side-scrolling platformer developed by Nintendo EAD and published by Nintendo for the Super Nintendo Entertainment System on November 21, 1990 (in Japan), August 31, 1991 (i', '//images.igdb.com/igdb/image/upload/t_thumb/rbdpnsh7jkx4cvejygkc.png'),
(33, 'Super Mario World', 'Super Mario World (known in Japan as Super Mario World: Super Mario Bros. 4) is a side-scrolling platformer developed by Nintendo EAD and published by Nintendo for the Super Nintendo Entertainment System on November 21, 1990 (in Japan), August 31, 1991 (i', '//images.igdb.com/igdb/image/upload/t_thumb/rbdpnsh7jkx4cvejygkc.png'),
(34, 'Super Mario Bros. 3', 'Super Mario Bros. 3 is a platform video game for the Nintendo Entertainment System (NES) video game console. Mario and Luigi embark on a quest to save Princess Toadstool and the rulers of seven different kingdoms from the antagonist Bowser and his childre', '//images.igdb.com/igdb/image/upload/t_thumb/ogguvec9vhrsml4uxqrg.png'),
(35, 'Candy Crush Soda Saga', 'Spin-off to the famous Candy Crush Saga, made by King, it\'s a game that has similar mechanics, introducing new features such as the soda bottles. Candy Crush Soda Saga is a brand new game from the makers of the legendary Candy Crush Saga. New candies, mor', '//images.igdb.com/igdb/image/upload/t_thumb/bdacvq7evn1skjcsbozw.png'),
(36, 'Super Mario Run', 'Super Mario goes mobile!\nUnlike other games in the franchise, Mario will run on his own. All you do is tap the screen to jump. The longer you tap, the higher the jump meaning that you can play the game with one hand.\n\nIn this game, Mario constantly moves ', '//images.igdb.com/igdb/image/upload/t_thumb/xlrghajdrbhlpuyk1xgf.png'),
(37, 'Mario Kart 64', NULL, '//images.igdb.com/igdb/image/upload/t_thumb/tnapkuvk8aup3aoamxuz.png'),
(38, 'Pokémon Trading Card Game Online', 'Pokémon Trading Card Game Online (also referred to as Pokémon TCG Online or TCGO) is a downloadable game and the first Pokémon game of the MMOTCG (massively-multiplayer online trading card game) genre. It is based on the Pokémon Trading Card Game or TCG a', '//images.igdb.com/igdb/image/upload/t_thumb/wlw3qjmd9u87he3zleh5.png'),
(39, 'Hello, Neighbour!', 'Hello Neighbor is a stealth horror game about sneaking into your neighbor\'s house to figure out what horrible secrets he\'s hiding in the basement. You play against an advanced AI that learns from your every move. Really enjoying climbing through that back', '//images.igdb.com/igdb/image/upload/t_thumb/tyelx5vyuefiuff0gqai.png'),
(40, 'Grand Theft Auto: Vice City', 'In the year 1986, Tommy Vercetti is heavily indebted to his mafia superiors after a drug deal gone awry, but his dreams of taking over Vice City (based on Miami) push him down a different path. Featuring a wide variety of vehicles, unique radio stations p', '//images.igdb.com/igdb/image/upload/t_thumb/wfeojuvgbk2kctpfdeff.png'),
(41, 'PewDiePie\'s Tuber Simulator', 'Follow in the footsteps of one of the biggest internet stars, PewDiePie, by creating your very own pocket Tuber in PewDiePie\'s Tuber Simulator! Will you become the biggest, baddest Tuber ever in no time and kick PewDiePie out of his own throne?', '//images.igdb.com/igdb/image/upload/t_thumb/aqsq0z9glpf5y6vzldqi.png'),
(42, 'Super Mario Bros.', NULL, '//images.igdb.com/igdb/image/upload/t_thumb/ygfznmlzsw2yb4j88qlv.png'),
(43, 'Dead Island 2', 'Welcome to Zombie California! Slay and survive with style in this co-op playground. Explore the vast Golden State, from lush forests to sunny beaches. Wield a variety of over-the-top, hand-crafted weapons against human and undead enemies. Upgrade your veh', '//images.igdb.com/igdb/image/upload/t_thumb/lumgkti6rht3evlbu8xw.png'),
(44, 'Super Mario 64', 'Super Mario 64 is a 3D action-adventure platformer game released for the Nintendo 64 in 1996. This game was one of two (three in Japan) launch titles for the Nintendo 64. To this day, it has sold nearly over 11 million copies, and is marked as the best se', '//images.igdb.com/igdb/image/upload/t_thumb/scutr4p9gytl4txb2soy.png'),
(45, 'Asphalt 8: Airborne', 'With more than 120 million downloads, the best mobile arcade racing game series reaches a new turning point! Perform dynamic, high-speed aerial stunts with more than 90 licensed dream cars in an intense driving experience powered by a brand-new physics en', '//images.igdb.com/igdb/image/upload/t_thumb/fgd8wuhejfasibzxyhr4.png'),
(46, 'Pro Evolution Soccer 2017', 'Pro Evolution Soccer 2017 is a sports video game developed by PES Productions and published by Konami for Microsoft Windows, PlayStation 3, PlayStation 4, Xbox 360 and Xbox One. The game is the 16th installment in the Pro Evolution Soccer series.', '//images.igdb.com/igdb/image/upload/t_thumb/togsnlwzoipzu4b68k03.png'),
(47, 'Super Mario 3D World', NULL, '//images.igdb.com/igdb/image/upload/t_thumb/oqqqgruohtigzopvxxbn.png'),
(48, 'Honey Select', 'Honey Select is an eroge created by the Japanese H-game company Illusion. The main objective of the game is to unlock the game’s achievements.', '//images.igdb.com/igdb/image/upload/t_thumb/j4w0ev381yutxuhv8akc.png'),
(49, 'Totally Accurate Battle Simulator', 'A physics based medieval battle simulator which lets you pit wacky waving armies against each other. In Totally Accurate Battle Simulator you pit waving arm men against each other and watch them fight it out.', '//images.igdb.com/igdb/image/upload/t_thumb/vex1s6b1qxq5bqz2puu8.png'),
(50, 'Call of Duty: Modern Warfare Remastered', 'One of the most critically-acclaimed games in history. Call of Duty 4: Modern Warfare is back, remastered in true high-definition, featuring enhanced textures, rendering, high-dynamic range lighting, and much more to bring a new generation experience to f', '//images.igdb.com/igdb/image/upload/t_thumb/yixntz4bbcnw8qfnea7v.png'),
(51, 'ARK: Survival Evolved', 'ARK: Survival Evolved takes on the survival genre with a unique blend of emergent multiplayer cooperation and competition. Players awake naked and starving on the beach of a mysterious island among a herd of other confused humans. On ARK, they must then h', '//images.igdb.com/igdb/image/upload/t_thumb/dmwwgrfcsgugg8fhsye9.png'),
(52, 'Basement', 'Basement is a strategy game, where you play as a desperate scientist who chose the wrong path in his life. That path seemed easy, but turned into a deadly one. You have no choice but to build the most effective enterprise and stay alive in a cruel world o', '//images.igdb.com/igdb/image/upload/t_thumb/ruhw3cmmk0jkechnezw8.png'),
(53, 'Genital Jousting', 'Genital Jousting is an online and local multiplayer party game about flaccid penises and wiggly anuses for up to eight players at once.', '//images.igdb.com/igdb/image/upload/t_thumb/mzq1tgabzrraghos5yt6.png'),
(54, 'Euro Truck Simulator 2', 'Euro Truck Simulator 2 is a vehicle simulation game developed and published by SCS Software for Microsoft Windows and Linux and was initially released as open development on October 19, 2012. The game is a direct sequel to the 2008 game Euro Truck Simulat', '//images.igdb.com/igdb/image/upload/t_thumb/gklcunivr2u4gsouchfy.png'),
(55, 'Need for Speed: Most Wanted', 'Need for Speed: Most Wanted takes on the gameplay style of the first Most Wanted title in the Need for Speed franchise. Most Wanted allows players to select one car and compete against other racers in three types of events: Sprint races, which involves tr', '//images.igdb.com/igdb/image/upload/t_thumb/onlimcrgz1zsngrffmql.png'),
(56, 'Five Nights at Freddy\'s: Sister Location', 'Welcome to Circus Baby\'s Pizza World, where family fun and interactivity go beyond anything you\'ve seen at those *other* pizza places! Now hiring: Late night technician. Must enjoy cramped spaces and be comfortable around active machinery. Not responsible', '//images.igdb.com/igdb/image/upload/t_thumb/qzs2lfqf6cg6ir0x0qi4.png'),
(57, 'Villagers', 'Villagers is a beautifully illustrated and richly detailed town-building game where you build a thriving community using the people and resources around you. Success or failure depends on your ability to create a town that can grow and prosper, and overco', '//images.igdb.com/igdb/image/upload/t_thumb/aooqizxhppovwmuyfkql.png'),
(58, 'Plants vs Zombies: Garden Warfare 2', 'The battle for suburbia grows to crazy new heights in Plants vs. Zombies Garden Warfare 2! In this hilarious, action-packed shooter, zombie leader Dr. Zomboss has strengthened his horde and rebuilt suburbia as a zombie utopia. But hope remains, because fo', '//images.igdb.com/igdb/image/upload/t_thumb/vk9uczy2gvbs0kh9qcee.png'),
(59, 'Pro Evolution Soccer 2016', 'Pro Evolution Soccer 2016 is a football simulation game. It is the fifteenth edition of the Pro Evolution Soccer series. The game features improved artificial intelligence, dynamic match weather, larger set of player animations, new night time lightning a', '//images.igdb.com/igdb/image/upload/t_thumb/njdljknlffn4gdmpwvrh.png'),
(60, 'The Witcher 3: Wild Hunt', 'The Witcher: Wild Hunt is a story-driven, next-generation open world role-playing game set in a visually stunning fantasy universe full of meaningful choices and impactful consequences. In The Witcher you play as the professional monster hunter, Geralt of', '//images.igdb.com/igdb/image/upload/t_thumb/enfj0w4cqsicczzkaas0.png'),
(61, 'Masochisia', 'A young man discovers through a series of hallucinations that he will grow up to become a violent psychopath. How will he respond to these revelations? Can he change his fate? Can you even... change fate...', '//images.igdb.com/igdb/image/upload/t_thumb/mftzxbt2mmh1bufp3kal.png'),
(62, 'Candy Crush Saga', NULL, '//images.igdb.com/igdb/image/upload/t_thumb/u9s7ap9gi5kestfxhxdf.png'),
(63, 'Call of Duty 4: Modern Warfare', 'Call of Duty 4: Modern Warfare differs from previous installments of the Call of Duty series. Previous Call of Duty games have a distinct three country-specific campaign style, while Call of Duty 4 has a more film-like plot with interlaced story lines fro', '//images.igdb.com/igdb/image/upload/t_thumb/okxplofk1uomxyrnlf2u.png'),
(64, 'Battlefield 4', 'Battlefield 4™ is the genre-defining action blockbuster created by DICE, and made from moments that blur the line between game and glory – moments found only in Battlefield. Go to Boot Camp to learn the basics of Battlefield 4\'s engaging single player and', '//images.igdb.com/igdb/image/upload/t_thumb/g23vpma81u9fdiwftyyq.png'),
(65, 'The Last Guardian', 'In a strange and mystical  land, a young boy discovers a mysterious creature with which he forms a deep, unbreakable bond. The unlikely  pair must rely on each other to journey through towering, treacherous ruins filled with  unknown dangers. Experience t', '//images.igdb.com/igdb/image/upload/t_thumb/munqfxbnf1ur93vajjtq.png'),
(66, 'Super Mario Maker', 'Super Mario Maker lets people’s imaginations run wild. For the first time ever, friends can have fun playing through levels they create for one another. The Wii U GamePad controller makes it so easy for anyone to create levels; it may feel like simply ske', '//images.igdb.com/igdb/image/upload/t_thumb/dp2l6fpd1yfj0sxcjsi8.png'),
(67, 'A Life in Silk - The First Cumming', 'A Life in Silk is a highly-interactive visual-novel, that tells the story of a feminine sissy boy, who just recently turned 18 and dreams only of becoming a glamorous T-girl Goddess and rule the Big City with his beauty and never ending sexual appetite.\n\n', '//images.igdb.com/igdb/image/upload/t_thumb/oo0dqt8ollefvigrr6bj.png'),
(68, 'Mario Kart 8', 'Turn your racing experience upside down! Nintendo’s Mario Kart franchise comes to the Wii U console in full HD, introducing new racing circuit designs and anti-gravity karts that will have players driving upside down. And for the first time, all of Bowser', '//images.igdb.com/igdb/image/upload/t_thumb/ivcvfoeo23xitx8xfz8m.png'),
(69, 'Only If', 'Only If is a surreal first person adventure-puzzle game. You play as Anthony Clyde, who, after a heavy night of partying, wakes up to find himself in an unfamiliar bed with no memory of the previous night\'s events. Unfortunately, escaping these unfamiliar', '//images.igdb.com/igdb/image/upload/t_thumb/dwlut5kq4edrbjxlmf8o.png'),
(70, 'Five Nights at Freddy\'s 2', 'Welcome back to the new and improved Freddy Fazbear\'s Pizza!\n\nIn Five Nights at Freddy\'s 2, the old and aging animatronics are joined by a new cast of characters. They are kid-friendly, updated with the latest in facial recognition technology, tied into l', '//images.igdb.com/igdb/image/upload/t_thumb/gijknwoi0dybriqaxnxi.png'),
(71, 'Intensive Exposure', 'Intensive Exposure is a fast paced game in which you have to expose yourself as many times as possible while constantly avoiding the security. Play as Moe Lester and expose yourself with grace, style and intense satisfaction whenever and wherever you can!', '//images.igdb.com/igdb/image/upload/t_thumb/ialyqgcgdjsgmsawu9it.png'),
(72, 'The Legend of Zelda: Ocarina of Time', 'The Legend of Zelda: Ocarina of Time reveals the genesis of the fantasy land of Hyrule, the origin of the Triforce, and the tale of the first exploits of Princess Zelda and the heroic adventurer Link. Vibrant, real-time 3-D graphics transport you into the', '//images.igdb.com/igdb/image/upload/t_thumb/shusfaev6gpjuskum2vp.png'),
(73, 'Dragon Ball: Xenoverse 2', 'DRAGON BALL XENOVERSE 2 builds upon the highly popular DRAGON BALL XENOVERSE with enhanced graphics that will further immerse players into the largest and most detailed Dragon Ball world ever developed. \n\nDRAGON BALL XENOVERSE 2 will deliver a new hub cit', '//images.igdb.com/igdb/image/upload/t_thumb/oss9bgnecqtgn2fvoae2.png'),
(74, 'The Walking Dead: The Telltale Series - A New', 'When family is all you have left…how far will you go to protect it? After society was ripped apart by undead hands, pockets of civilization emerge from the chaos. But at what cost? Can the living be trusted on this new frontier? As Javier, a young man det', '//images.igdb.com/igdb/image/upload/t_thumb/cjktwgl53zzbifkcwu7n.png'),
(75, 'Earthlock: Festival of Magic', 'An original turn-based role-playing game set in a world of machines and magic, a world that stopped spinning thousands of years ago.&#13;\n&#13;\nRich, non-linear story &#13;\nTurn-based combat (No Active Time Battle) &#13;\nCombat pairs (Allows more variatio', '//images.igdb.com/igdb/image/upload/t_thumb/g0whm2zpztk4g3mwpzo4.png'),
(76, 'ASTRONEER', 'Explore and exploit distant worlds in  – A game of aerospace industry and interplanetary exploration.&#13;\n&#13;\nThe sudden development of technology for rapid space travel enables fast and inexpensive journeys to the stars. Exo Dynamics, the dominant con', '//images.igdb.com/igdb/image/upload/t_thumb/xgguzsjsxtlaclprqytj.png'),
(77, 'Super Mario Galaxy', NULL, '//images.igdb.com/igdb/image/upload/t_thumb/tzhmiarlwidopzrzohd5.png'),
(78, 'RIOT - Civil Unrest', 'As civil crisis deepens and inequality tears the very fabric of society the discontentment of the masses manifests itself in violent public disturbances and civil disorder. Play as the police or the angry horde as RIOT – Civil Unrest places you in some of', '//images.igdb.com/igdb/image/upload/t_thumb/cdfsdijmouaxz7jnx8bl.png'),
(79, 'Resident Evil 4 HD', NULL, '//images.igdb.com/igdb/image/upload/t_thumb/sr0fecogohjqyqb7zjvt.png'),
(80, 'Call of Duty: Black Ops III', 'Call of Duty: Black Ops 3 deploys players into a dark, twisted future where a new breed of Black Ops soldier emerges and the lines are blurred between our own humanity and the technology we created to stay ahead, in a world where cutting-edge military rob', '//images.igdb.com/igdb/image/upload/t_thumb/sllwko8hqltmmklognzp.png'),
(81, 'Super Mario Galaxy 2', NULL, '//images.igdb.com/igdb/image/upload/t_thumb/wyk6wqgo2fjd4g6xdntx.png'),
(82, 'Oppai Slider 2', NULL, '//images.igdb.com/igdb/image/upload/t_thumb/nkugb4uvps5dzccb1wpl.png'),
(83, 'Oppai Slider 2', NULL, '//images.igdb.com/igdb/image/upload/t_thumb/nkugb4uvps5dzccb1wpl.png'),
(84, 'Left 4 Dead 2', 'Left 4 Dead 2 is a cooperative first-person shooter video game, the sequel to Valve Corporation\'s Left 4 Dead. The Game builds upon cooperatively focused gameplay and Valve\'s proprietary Source engine, the same game engine used in the original Left 4 Dead', '//images.igdb.com/igdb/image/upload/t_thumb/fxyjfhvtwzzof9ij8ehp.png'),
(85, 'Pokémon GO', 'Travel between the real world and the virtual world of Pokémon with Pokémon GO for iPhone and Android devices! With Pokémon GO, you\'ll discover Pokémon in a whole new world—your own! Pokémon GO will use real location information to encourage players to se', '//images.igdb.com/igdb/image/upload/t_thumb/ztn8s8y6o5zslmwbc9b6.png'),
(86, 'Mount & Blade II: Bannerlord', 'Mount &amp; Blade II: Bannerlord is an upcoming medieval action role-playing game developed by TaleWorlds Entertainment. The game was announced in 2012. It is a sequel to Mount &amp; Blade: Warband.', '//images.igdb.com/igdb/image/upload/t_thumb/r5busv6ylns65cfuhadd.png'),
(87, 'Tyranny', 'You are a Fatebinder, the judge and executioner of Kyros’ law, acting under the watchful eye of the Overlords Archon of Justice, Tunon the Adjudicator. Your words shape the lives of thousands. Will you use that power to bring justice and inspire loyalty? ', '//images.igdb.com/igdb/image/upload/t_thumb/n4docywvgez39uanixnj.png'),
(88, 'Final Fantasy XV', 'Final Fantasy XV is an upcoming action role-playing video game being developed and published by Square Enix for the PlayStation 4 and Xbox One. It is the fifteenth main installment in the Final Fantasy series, and forms part of the Fabula Nova Crystallis ', '//images.igdb.com/igdb/image/upload/t_thumb/exzxitwgvhwzric1byej.png'),
(89, 'Winds of Revenge', 'Wind of Revenge is a simple game made by a team of 5 people during the single weekend for the Unreal Engine November Jam.', NULL),
(90, 'Counter-Strike: Global Offensive', 'Counter-Strike: Global Offensive (CS:GO) expands upon the team-based action gameplay that the franchise pioneered when it was launched 12 years ago. CS:GO features new maps, characters, and weapons and delivers updated versions of the classic CS content (', '//images.igdb.com/igdb/image/upload/t_thumb/tjavlrx5y8lkol7uql40.png'),
(91, 'Grand Theft Auto V', 'The biggest, most dynamic and most diverse open world ever created, Grand Theft Auto V blends storytelling and gameplay in new ways as players repeatedly jump in and out of the lives of the game’s three lead characters, playing all sides of the game’s int', '//images.igdb.com/igdb/image/upload/t_thumb/vdzfsbissgp55fvfxccp.png'),
(92, 'NBA 2K17', 'NBA 2K franchise continues to stake its claim as the most authentic sports video game with NBA 2K17', '//images.igdb.com/igdb/image/upload/t_thumb/tfebzciucanpvkzsq6ot.png'),
(93, 'Super Mario 3D Land', 'Mario is once again out to beat Bowser in Super Mario 3D Land! The game features the well-known Mario playstyle that people all around the world love, but in 3D!', '//images.igdb.com/igdb/image/upload/t_thumb/fcgiwb5fhmiyoil5xohy.png'),
(94, 'Resident Evil 7: biohazard', 'Resident Evil 7: Biohazard is an upcoming survival horror video game developed by Capcom, slated for a release on Microsoft Windows, PlayStation 4 and Xbox One with the PlayStation 4 version including full PlayStation VR support.', '//images.igdb.com/igdb/image/upload/t_thumb/wprikj6ydxigxadbt2ld.png'),
(95, 'Uncharted 4: A Thief\'s End', 'Several years after his last adventure, retired fortune hunter, Nathan Drake, is forced back into the world of thieves. With the stakes much more personal, Drake embarks on a globe-trotting journey in pursuit of a historical conspiracy behind a fabled pir', '//images.igdb.com/igdb/image/upload/t_thumb/tocoysjnay4he4zjdlwo.png'),
(96, 'Tom Clancy\'s Rainbow Six: Siege', 'Inspired by the reality of counter terrorist operatives across the world, Rainbow Six Siege invites players to master the art of destruction. Intense close quarters confrontations, high lethality, tactics, team play, and explosive action are at the center', '//images.igdb.com/igdb/image/upload/t_thumb/sztcjmrrz4bu9hzthq0m.png'),
(97, 'FIFA 17', 'For the first time ever in FIFA, live your story on and off the pitch as the Premier League’s next rising star, Alex Hunter. Play on any club in the Premier league, for authentic managers and alongside some of the best players on the planet. Experience br', '//images.igdb.com/igdb/image/upload/t_thumb/cmtplicvdajycqx2vz6t.png'),
(98, 'Dead by Daylight', 'Dead by Daylight is an asymmetrical multiplayer horror game in which one crazed killer hunts four friends through a terrifying nightmare. Players take on the role of both killer and survivors in a deadly game of cat and mouse. It’s a Mature Gamer take on ', '//images.igdb.com/igdb/image/upload/t_thumb/j4vfgb82gxzsjicvdrqx.png'),
(99, 'Gravity Rush Remastered', 'Gravity Rush is an action-adventure video game developed by SIE Japan Studio and Project Siren, and published by Sony Computer Entertainment. Gravity Rush Remastered is the PS4 remaster of the original Gravity Rush game which is bundled with all the previ', '//images.igdb.com/igdb/image/upload/t_thumb/mx5du2ic1safvthafuav.png'),
(100, 'Call of Duty: Modern Warfare 3', 'Call of Duty: Modern Warfare 3 is a first-person shooter video game, developed by Infinity Ward and Sledgehammer Games (Treyarch for the Wii version), with Raven Software having assisted in development and published by Activision.[8] It is the third and f', '//images.igdb.com/igdb/image/upload/t_thumb/obimr8uf45m5cdjltket.png'),
(101, 'Youtubers Life', 'Youtubers Life is the ultimate vlogger tycoon/life-sim videogame. The main aim of this title is to become the world’s greatest youtuber in history. To achieve it, you will have to edit videos, get in touch with other video bloggers and try that fame doesn', '//images.igdb.com/igdb/image/upload/t_thumb/aifxr1f9hl9l6eh6a7ll.png'),
(102, 'Call of Duty: Black Ops III - Awakening', 'DLC 1 Awakening for Black Ops 3 with all new Zombies and MP content is available now!\n\nThe latest installment of Zombies picks up where The Giant left off, as the Origins characters head to Der Eisendrache on a mission to stop the zombie apocalypse.\n\nGo g', '//images.igdb.com/igdb/image/upload/t_thumb/hezdwiux0snzgwdky4vh.png'),
(103, 'Farming Simulator 17', 'Farming Simulator 17 invites you into the challenging world of a modern day farmer. Take on all the challenges of farming life, including animal husbandry, crops, sales, and woodcutting. You decide how you want to manage and grow your farm in a huge, open', '//images.igdb.com/igdb/image/upload/t_thumb/pa3z9uzmi4qfhuu6huc8.png'),
(104, 'Valley', 'Explore the vast and beautiful world of Valley using the power of the L.E.A.F. suit: a fierce exoskeleton that grants exceptional speed and agility along with the phenomenal ability to manipulate the life and death of all living things.', '//images.igdb.com/igdb/image/upload/t_thumb/teckkuuai65o2eh6owkq.png'),
(105, 'Need for Speed: Most Wanted', NULL, '//images.igdb.com/igdb/image/upload/t_thumb/i9nybooe1t3tve9yhyn0.png'),
(106, 'Far Cry: Primal', 'Gamers play as TAKKAR, a seasoned hunter and the last surviving member of his hunting group. Arriving in the majestic and savage land of Oros, players will pursue one single goal; survive in a world where humans are the prey. They will meet a cast of memo', '//images.igdb.com/igdb/image/upload/t_thumb/z0gwvg9bgdi7a5xuwlqh.png'),
(107, 'The Legend of Zelda: Breath of the Wild', '"Step into a world of discovery, exploration and adventure in The Legend of Zelda: Breath of the Wild, a boundary-breaking new game in the acclaimed series. Travel across fields, through forests and to mountain peaks as you discover what has become of the', '//images.igdb.com/igdb/image/upload/t_thumb/id7oqxsma8y2lcazszzk.png'),
(108, 'Grand Theft Auto IV', 'What does the American dream mean today? For Niko Bellic fresh off the boat from Europe, it is the hope he can escape from his past. For his cousin, Roman, it is the vision that together they can find fortune in Liberty City, gateway to the land of opport', '//images.igdb.com/igdb/image/upload/t_thumb/tvcgnhqrhts9gcqqjrgj.png'),
(109, 'Call of Duty: Infinite Warfare', 'Call of Duty: Infinite Warfare delivers three unique game modes: Campaign, Multiplayer, and Zombies.   Campaign is a return to the gritty, military roots of the franchise, while boldly looking ahead, delivering a rich and engaging narrative that is unlike', '//images.igdb.com/igdb/image/upload/t_thumb/eal3ny34yjjyirfio9wj.png'),
(110, 'Candle', 'Candle is an adventure with challenging puzzles. Play as Teku, a young man on a dangerous journey to rescue his tribe\'s shaman from the evil Wakcha-Clan. But the way is littered with sinister traps and difficult obstacles. To master these challenges you n', '//images.igdb.com/igdb/image/upload/t_thumb/az3ynjq4ethsnubuolt2.png'),
(111, 'Shadow Tactics: Blades of the Shogun', 'Skillfully hide from and sneak past the enemies fields of view, take their formations apart and hide their bodies to cover your tracks. Quick Save will enable you to execute your plans perfectly. Tactically plan actions for your whole team and execute the', '//images.igdb.com/igdb/image/upload/t_thumb/kgwsarnz3dkb4gwttc3u.png'),
(112, 'Space Hulk: Deathwing', 'Space Hulk: Deathwing is a First-Person Shooter experience of Games Workshop\'s classic Space Hulk boardgame set in the universe of Warhammer 40,000, developed on Unreal Engine 4 by Streum On Studio, the team behind E.Y.E: Divine Cybermancy. Published by F', '//images.igdb.com/igdb/image/upload/t_thumb/jkxacpun6pxy4wkftye1.png'),
(113, 'Dead Rising 4', 'It’s the holiday season in Willamette, Colorado and a mysterious outbreak has overrun the Willamette Memorial Megaplex Mall and surrounding town with dangerous and deadly predators. Join Frank West as you explore a vast, open world sandbox filled with dan', '//images.igdb.com/igdb/image/upload/t_thumb/rxykiiokoyhetfgtlwgm.png'),
(114, 'Forza Horizon 3', 'You’re in charge of the Horizon Festival. Customize everything, hire and fire your friends, and explore Australia in over 350 of the world’s greatest cars. Make your Horizon the ultimate celebration of cars, music, and freedom of the open road. How you ge', '//images.igdb.com/igdb/image/upload/t_thumb/olxhsw4djfakodpuedut.png'),
(115, 'Just Dance 2017', NULL, '//images.igdb.com/igdb/image/upload/t_thumb/zcysnxvf8dmqs3idnqu9.png'),
(116, 'Mass Effect: Andromeda', 'A new adventure awaits in the Mass Effect universe. With stunning visuals and a new galaxy to discover, BioWare delivers the next generation of space exploration.&#13;&#13;&#13;\n&#13;&#13;&#13;\nCommander Shepard\'s story may be over, but there are many mor', '//images.igdb.com/igdb/image/upload/t_thumb/to0fpjpsmljecmfh5udd.png'),
(117, 'Caravan', 'Many myths and legends have been woven about the Arabian Peninsula. One of these legends tells of Iram, City of Pillars, and its exceptional destiny. \nBeing the heir to the throne you lived a life of splendor and never worked one day of physical labor – u', '//images.igdb.com/igdb/image/upload/t_thumb/f98wqaqj5e05b1dfxd7z.png'),
(118, 'Rise of the Tomb Raider', 'Join Lara Croft on her first great tomb raiding expedition as she seeks to discover the secret of immortality. Featuring high-octane action set in the most beautiful and hostile environments on earth, Rise of the Tomb Raider delivers cinematic survival ac', '//images.igdb.com/igdb/image/upload/t_thumb/qk5tk3ny2ldnkubviav7.png'),
(119, 'Dragon Ball Z: Budokai Tenkaichi 3', NULL, '//images.igdb.com/igdb/image/upload/t_thumb/zb9e8lng5su9zpkc4ehf.png'),
(120, 'Arizona Sunshine', 'Step into the midst of a zombie apocalypse as if you were really there, and bash, slash and explode your way through hordes of undead close enough to touch. Arizona Sunshine has you battle for survival across a blistering hot, post-apocalyptic Arizona. Br', '//images.igdb.com/igdb/image/upload/t_thumb/tuyyrk2tlzm5qfd7irtl.png'),
(121, 'Horizon: Zero Dawn', 'Horizon Zero Dawn, an exhilarating new action role playing game exclusively for the PlayStation 4 system, developed by the award winning Guerrilla Games, creatos of PlayStation\'s venerated Killzone franchise. As Horizon Zero Dawn\'s main protagonist Aloy, ', '//images.igdb.com/igdb/image/upload/t_thumb/yvgbtirrauwekgytcfmg.png'),
(122, 'Sky Break', 'Sky Break is an open-world game on a stormy abandoned planet filled with wild mechas. Learn to master this world and to hack the mechas if you want a chance to survive.', '//images.igdb.com/igdb/image/upload/t_thumb/ebebxnv543d4y5e4wazd.png'),
(123, 'Super Smash Bros. for Wii U', 'Super Smash Bros. for Wii U is the fourth console-based entry in the popular Super Smash Bros. series of fighting games. With an even larger roster of fighters than its predecessors and the introduction eight player battles, Smash for Wii U continues to a', '//images.igdb.com/igdb/image/upload/t_thumb/hkvfafzafofri94eyxfw.png'),
(124, 'FINAL FANTASY XV - Season Pass Upgrade', 'The Season Pass allows you to download additional content. This Upgrade is a special deal for customers who have already preordered the FINAL FANTASY XV digital edition.', '//images.igdb.com/igdb/image/upload/t_thumb/rlc4qgumkjimw09mxgdk.png'),
(125, 'Cyberpunk 2077', 'The upcoming RPG from CD Projekt RED, creators of The Witcher series of games, based on the Cyberpunk 2020 tabletop RPG created by Mike Pondsmith.', '//images.igdb.com/igdb/image/upload/t_thumb/h9ssivehsetxeoodt6hu.png'),
(126, 'Super Mario All-Stars', 'Super Mario All-Stars was released on the SNES and is compilation of NES ports of  Super Mario Bros., Super Mario Bros.:The Lost Levels, Super Mario Bros. 2 (USA), and Super Mario Bros. 3.  All four games had updated 16-bit graphics and sound to go with i', '//images.igdb.com/igdb/image/upload/t_thumb/nl9vdgf0yei8xzdloza1.png'),
(127, 'Syberia 3', 'Syberia 3 takes you inside an enchanting, mysterious universe full of life for you to explore in 3D. Plunged into the heart of a world inhabited by a cast of interesting characters, you\'ll discover and experience a fabulous tale as imagined by Benoit Soka', '//images.igdb.com/igdb/image/upload/t_thumb/rcnkq8wf9jykaghykcoj.png'),
(128, 'Microsoft Spider Solitaire', 'Spider Solitaire, also known as Microsoft Spider Solitaire (Spider in the About box in some versions), is a solitaire card game that is included in Microsoft Windows. It is a version of Spider. As of 2005, it was the most played game on Windows PCs, surpa', '//images.igdb.com/igdb/image/upload/t_thumb/zyz5rbwhlqwxhub38xlu.png'),
(129, 'Scrap Mechanic', 'Welcome to the machine-filled creative paradise of Scrap Mechanic, a multiplayer sandbox game with imagination and ingenuity at its core. Create fantastic machines, transforming vehicles or sneaky traps. The possibilities are endless with Scrap Mechanics ', '//images.igdb.com/igdb/image/upload/t_thumb/vajbps3fphrcm7yhajmy.png'),
(130, 'Shantae: Half-Genie Hero', 'Shantae embarks on her first full HD adventure! After three highly successful outings with Shantae, Shantae: Risky\'s Revenge, and Shantae and the Pirate\'s Curse, Shantae and her friends finally get a full HD console-based sequel! Boasting vivid, detailed ', '//images.igdb.com/igdb/image/upload/t_thumb/nl0xylkr12ta44sufduv.png'),
(131, 'Aragami', 'ARAGAMI is a third-person stealth game in which you control the shadows. You are Aragami, a vengeful spirit with the power to control the shadows. You’ve been summoned by Yamiko, a girl imprisoned in the city fortress of Kyuryu. Embark on a dark journey f', '//images.igdb.com/igdb/image/upload/t_thumb/q4xygfwkhoihkdkdwteq.png'),
(132, 'Layers of Fear', 'Layers of Fear is a psychedelic horror that will keep you on-edge for the reminder of the game. Delve deep into the mind of an insane painter and discover the secret of his madness, as you walk through a constantly shifting house.\n\nHeavily inspired by the', '//images.igdb.com/igdb/image/upload/t_thumb/cszqaj3wjp7smxg4llpu.png');

-- --------------------------------------------------------

--
-- Structure de la table `screen`
--

CREATE TABLE `screen` (
  `id` int(11) NOT NULL,
  `url` varchar(255) DEFAULT NULL,
  `cloudinary_id` varchar(255) DEFAULT NULL,
  `jeux_id` int(11) NOT NULL
) ENGINE=InnoDB DEFAULT CHARSET=utf8;

--
-- Contenu de la table `screen`
--

INSERT INTO `screen` (`id`, `url`, `cloudinary_id`, `jeux_id`) VALUES
(1, '//images.igdb.com/igdb/image/upload/t_thumb/pdkvjmhh5urjnrwng5cg.png', NULL, 6),
(2, '//images.igdb.com/igdb/image/upload/t_thumb/bbkmycy8wacpka1hroy5.png', NULL, 6),
(3, '//images.igdb.com/igdb/image/upload/t_thumb/i9sgtqwdmmdjzox51rgu.png', NULL, 6),
(4, '//images.igdb.com/igdb/image/upload/t_thumb/xqj7kfjsgqrboda05dnp.png', NULL, 6),
(5, '//images.igdb.com/igdb/image/upload/t_thumb/pdkvjmhh5urjnrwng5cg.png', NULL, 7),
(6, '//images.igdb.com/igdb/image/upload/t_thumb/bbkmycy8wacpka1hroy5.png', NULL, 7),
(7, '//images.igdb.com/igdb/image/upload/t_thumb/i9sgtqwdmmdjzox51rgu.png', NULL, 7),
(8, '//images.igdb.com/igdb/image/upload/t_thumb/xqj7kfjsgqrboda05dnp.png', NULL, 7),
(9, '//images.igdb.com/igdb/image/upload/t_thumb/pdkvjmhh5urjnrwng5cg.png', NULL, 8),
(10, '//images.igdb.com/igdb/image/upload/t_thumb/bbkmycy8wacpka1hroy5.png', NULL, 8),
(11, '//images.igdb.com/igdb/image/upload/t_thumb/i9sgtqwdmmdjzox51rgu.png', NULL, 8),
(12, '//images.igdb.com/igdb/image/upload/t_thumb/xqj7kfjsgqrboda05dnp.png', NULL, 8),
(13, '//images.igdb.com/igdb/image/upload/t_thumb/pdkvjmhh5urjnrwng5cg.png', NULL, 9),
(14, '//images.igdb.com/igdb/image/upload/t_thumb/bbkmycy8wacpka1hroy5.png', NULL, 9),
(15, '//images.igdb.com/igdb/image/upload/t_thumb/i9sgtqwdmmdjzox51rgu.png', NULL, 9),
(16, '//images.igdb.com/igdb/image/upload/t_thumb/xqj7kfjsgqrboda05dnp.png', NULL, 9),
(17, '//images.igdb.com/igdb/image/upload/t_thumb/pdkvjmhh5urjnrwng5cg.png', NULL, 10),
(18, '//images.igdb.com/igdb/image/upload/t_thumb/bbkmycy8wacpka1hroy5.png', NULL, 10),
(19, '//images.igdb.com/igdb/image/upload/t_thumb/i9sgtqwdmmdjzox51rgu.png', NULL, 10),
(20, '//images.igdb.com/igdb/image/upload/t_thumb/xqj7kfjsgqrboda05dnp.png', NULL, 10),
(21, '//images.igdb.com/igdb/image/upload/t_thumb/pdkvjmhh5urjnrwng5cg.png', NULL, 11),
(22, '//images.igdb.com/igdb/image/upload/t_thumb/bbkmycy8wacpka1hroy5.png', NULL, 11),
(23, '//images.igdb.com/igdb/image/upload/t_thumb/i9sgtqwdmmdjzox51rgu.png', NULL, 11),
(24, '//images.igdb.com/igdb/image/upload/t_thumb/xqj7kfjsgqrboda05dnp.png', NULL, 11),
(25, '//images.igdb.com/igdb/image/upload/t_thumb/pdkvjmhh5urjnrwng5cg.png', NULL, 12),
(26, '//images.igdb.com/igdb/image/upload/t_thumb/bbkmycy8wacpka1hroy5.png', NULL, 12),
(27, '//images.igdb.com/igdb/image/upload/t_thumb/i9sgtqwdmmdjzox51rgu.png', NULL, 12),
(28, '//images.igdb.com/igdb/image/upload/t_thumb/xqj7kfjsgqrboda05dnp.png', NULL, 12),
(29, '//images.igdb.com/igdb/image/upload/t_thumb/pdkvjmhh5urjnrwng5cg.png', NULL, 13),
(30, '//images.igdb.com/igdb/image/upload/t_thumb/bbkmycy8wacpka1hroy5.png', NULL, 13),
(31, '//images.igdb.com/igdb/image/upload/t_thumb/i9sgtqwdmmdjzox51rgu.png', NULL, 13),
(32, '//images.igdb.com/igdb/image/upload/t_thumb/xqj7kfjsgqrboda05dnp.png', NULL, 13),
(33, '//images.igdb.com/igdb/image/upload/t_thumb/pdkvjmhh5urjnrwng5cg.png', NULL, 14),
(34, '//images.igdb.com/igdb/image/upload/t_thumb/bbkmycy8wacpka1hroy5.png', NULL, 14),
(35, '//images.igdb.com/igdb/image/upload/t_thumb/i9sgtqwdmmdjzox51rgu.png', NULL, 14),
(36, '//images.igdb.com/igdb/image/upload/t_thumb/xqj7kfjsgqrboda05dnp.png', NULL, 14),
(37, '//images.igdb.com/igdb/image/upload/t_thumb/pdkvjmhh5urjnrwng5cg.png', NULL, 15),
(38, '//images.igdb.com/igdb/image/upload/t_thumb/bbkmycy8wacpka1hroy5.png', NULL, 15),
(39, '//images.igdb.com/igdb/image/upload/t_thumb/i9sgtqwdmmdjzox51rgu.png', NULL, 15),
(40, '//images.igdb.com/igdb/image/upload/t_thumb/xqj7kfjsgqrboda05dnp.png', NULL, 15),
(41, '//images.igdb.com/igdb/image/upload/t_thumb/pdkvjmhh5urjnrwng5cg.png', NULL, 16),
(42, '//images.igdb.com/igdb/image/upload/t_thumb/bbkmycy8wacpka1hroy5.png', NULL, 16),
(43, '//images.igdb.com/igdb/image/upload/t_thumb/i9sgtqwdmmdjzox51rgu.png', NULL, 16),
(44, '//images.igdb.com/igdb/image/upload/t_thumb/xqj7kfjsgqrboda05dnp.png', NULL, 16),
(45, '//images.igdb.com/igdb/image/upload/t_thumb/pdkvjmhh5urjnrwng5cg.png', NULL, 17),
(46, '//images.igdb.com/igdb/image/upload/t_thumb/bbkmycy8wacpka1hroy5.png', NULL, 17),
(47, '//images.igdb.com/igdb/image/upload/t_thumb/i9sgtqwdmmdjzox51rgu.png', NULL, 17),
(48, '//images.igdb.com/igdb/image/upload/t_thumb/xqj7kfjsgqrboda05dnp.png', NULL, 17),
(49, '//images.igdb.com/igdb/image/upload/t_thumb/pdkvjmhh5urjnrwng5cg.png', NULL, 18),
(50, '//images.igdb.com/igdb/image/upload/t_thumb/bbkmycy8wacpka1hroy5.png', NULL, 18),
(51, '//images.igdb.com/igdb/image/upload/t_thumb/i9sgtqwdmmdjzox51rgu.png', NULL, 18),
(52, '//images.igdb.com/igdb/image/upload/t_thumb/xqj7kfjsgqrboda05dnp.png', NULL, 18),
(53, '//images.igdb.com/igdb/image/upload/t_thumb/pdkvjmhh5urjnrwng5cg.png', NULL, 19),
(54, '//images.igdb.com/igdb/image/upload/t_thumb/bbkmycy8wacpka1hroy5.png', NULL, 19),
(55, '//images.igdb.com/igdb/image/upload/t_thumb/i9sgtqwdmmdjzox51rgu.png', NULL, 19),
(56, '//images.igdb.com/igdb/image/upload/t_thumb/xqj7kfjsgqrboda05dnp.png', NULL, 19),
(57, '//images.igdb.com/igdb/image/upload/t_thumb/pdkvjmhh5urjnrwng5cg.png', NULL, 20),
(58, '//images.igdb.com/igdb/image/upload/t_thumb/bbkmycy8wacpka1hroy5.png', NULL, 20),
(59, '//images.igdb.com/igdb/image/upload/t_thumb/i9sgtqwdmmdjzox51rgu.png', NULL, 20),
(60, '//images.igdb.com/igdb/image/upload/t_thumb/xqj7kfjsgqrboda05dnp.png', NULL, 20),
(61, '//images.igdb.com/igdb/image/upload/t_thumb/pdkvjmhh5urjnrwng5cg.png', NULL, 21),
(62, '//images.igdb.com/igdb/image/upload/t_thumb/bbkmycy8wacpka1hroy5.png', NULL, 21),
(63, '//images.igdb.com/igdb/image/upload/t_thumb/i9sgtqwdmmdjzox51rgu.png', NULL, 21),
(64, '//images.igdb.com/igdb/image/upload/t_thumb/xqj7kfjsgqrboda05dnp.png', NULL, 21),
(65, '//images.igdb.com/igdb/image/upload/t_thumb/pdkvjmhh5urjnrwng5cg.png', NULL, 22),
(66, '//images.igdb.com/igdb/image/upload/t_thumb/bbkmycy8wacpka1hroy5.png', NULL, 22),
(67, '//images.igdb.com/igdb/image/upload/t_thumb/i9sgtqwdmmdjzox51rgu.png', NULL, 22),
(68, '//images.igdb.com/igdb/image/upload/t_thumb/xqj7kfjsgqrboda05dnp.png', NULL, 22),
(69, '//images.igdb.com/igdb/image/upload/t_thumb/pdkvjmhh5urjnrwng5cg.png', NULL, 23),
(70, '//images.igdb.com/igdb/image/upload/t_thumb/bbkmycy8wacpka1hroy5.png', NULL, 23),
(71, '//images.igdb.com/igdb/image/upload/t_thumb/i9sgtqwdmmdjzox51rgu.png', NULL, 23),
(72, '//images.igdb.com/igdb/image/upload/t_thumb/xqj7kfjsgqrboda05dnp.png', NULL, 23),
(73, '//images.igdb.com/igdb/image/upload/t_thumb/pdkvjmhh5urjnrwng5cg.png', NULL, 24),
(74, '//images.igdb.com/igdb/image/upload/t_thumb/bbkmycy8wacpka1hroy5.png', NULL, 24),
(75, '//images.igdb.com/igdb/image/upload/t_thumb/i9sgtqwdmmdjzox51rgu.png', NULL, 24),
(76, '//images.igdb.com/igdb/image/upload/t_thumb/xqj7kfjsgqrboda05dnp.png', NULL, 24),
(77, '//images.igdb.com/igdb/image/upload/t_thumb/pdkvjmhh5urjnrwng5cg.png', NULL, 25),
(78, '//images.igdb.com/igdb/image/upload/t_thumb/bbkmycy8wacpka1hroy5.png', NULL, 25),
(79, '//images.igdb.com/igdb/image/upload/t_thumb/i9sgtqwdmmdjzox51rgu.png', NULL, 25),
(80, '//images.igdb.com/igdb/image/upload/t_thumb/xqj7kfjsgqrboda05dnp.png', NULL, 25),
(81, '//images.igdb.com/igdb/image/upload/t_thumb/pdkvjmhh5urjnrwng5cg.png', NULL, 26),
(82, '//images.igdb.com/igdb/image/upload/t_thumb/bbkmycy8wacpka1hroy5.png', NULL, 26),
(83, '//images.igdb.com/igdb/image/upload/t_thumb/i9sgtqwdmmdjzox51rgu.png', NULL, 26),
(84, '//images.igdb.com/igdb/image/upload/t_thumb/xqj7kfjsgqrboda05dnp.png', NULL, 26),
(85, '//images.igdb.com/igdb/image/upload/t_thumb/pdkvjmhh5urjnrwng5cg.png', NULL, 27),
(86, '//images.igdb.com/igdb/image/upload/t_thumb/bbkmycy8wacpka1hroy5.png', NULL, 27),
(87, '//images.igdb.com/igdb/image/upload/t_thumb/i9sgtqwdmmdjzox51rgu.png', NULL, 27),
(88, '//images.igdb.com/igdb/image/upload/t_thumb/xqj7kfjsgqrboda05dnp.png', NULL, 27),
(89, '//images.igdb.com/igdb/image/upload/t_thumb/pdkvjmhh5urjnrwng5cg.png', NULL, 28),
(90, '//images.igdb.com/igdb/image/upload/t_thumb/bbkmycy8wacpka1hroy5.png', NULL, 28),
(91, '//images.igdb.com/igdb/image/upload/t_thumb/i9sgtqwdmmdjzox51rgu.png', NULL, 28),
(92, '//images.igdb.com/igdb/image/upload/t_thumb/xqj7kfjsgqrboda05dnp.png', NULL, 28),
(93, '//images.igdb.com/igdb/image/upload/t_thumb/pdkvjmhh5urjnrwng5cg.png', NULL, 29),
(94, '//images.igdb.com/igdb/image/upload/t_thumb/bbkmycy8wacpka1hroy5.png', NULL, 29),
(95, '//images.igdb.com/igdb/image/upload/t_thumb/i9sgtqwdmmdjzox51rgu.png', NULL, 29),
(96, '//images.igdb.com/igdb/image/upload/t_thumb/xqj7kfjsgqrboda05dnp.png', NULL, 29),
(97, '//images.igdb.com/igdb/image/upload/t_thumb/pdkvjmhh5urjnrwng5cg.png', NULL, 30),
(98, '//images.igdb.com/igdb/image/upload/t_thumb/bbkmycy8wacpka1hroy5.png', NULL, 30),
(99, '//images.igdb.com/igdb/image/upload/t_thumb/i9sgtqwdmmdjzox51rgu.png', NULL, 30),
(100, '//images.igdb.com/igdb/image/upload/t_thumb/xqj7kfjsgqrboda05dnp.png', NULL, 30),
(101, '//images.igdb.com/igdb/image/upload/t_thumb/pdkvjmhh5urjnrwng5cg.png', NULL, 31),
(102, '//images.igdb.com/igdb/image/upload/t_thumb/bbkmycy8wacpka1hroy5.png', NULL, 31),
(103, '//images.igdb.com/igdb/image/upload/t_thumb/i9sgtqwdmmdjzox51rgu.png', NULL, 31),
(104, '//images.igdb.com/igdb/image/upload/t_thumb/xqj7kfjsgqrboda05dnp.png', NULL, 31),
(105, '//images.igdb.com/igdb/image/upload/t_thumb/pdkvjmhh5urjnrwng5cg.png', NULL, 32),
(106, '//images.igdb.com/igdb/image/upload/t_thumb/bbkmycy8wacpka1hroy5.png', NULL, 32),
(107, '//images.igdb.com/igdb/image/upload/t_thumb/i9sgtqwdmmdjzox51rgu.png', NULL, 32),
(108, '//images.igdb.com/igdb/image/upload/t_thumb/xqj7kfjsgqrboda05dnp.png', NULL, 32),
(109, '//images.igdb.com/igdb/image/upload/t_thumb/pdkvjmhh5urjnrwng5cg.png', NULL, 33),
(110, '//images.igdb.com/igdb/image/upload/t_thumb/bbkmycy8wacpka1hroy5.png', NULL, 33),
(111, '//images.igdb.com/igdb/image/upload/t_thumb/i9sgtqwdmmdjzox51rgu.png', NULL, 33),
(112, '//images.igdb.com/igdb/image/upload/t_thumb/xqj7kfjsgqrboda05dnp.png', NULL, 33),
(113, '//images.igdb.com/igdb/image/upload/t_thumb/epaagugpfhd0rmsd6kol.png', NULL, 34),
(114, '//images.igdb.com/igdb/image/upload/t_thumb/erjdg6rwwxg0vpbbvnat.png', NULL, 34),
(115, '//images.igdb.com/igdb/image/upload/t_thumb/cfuaaue2zxbhr20dubtq.png', NULL, 34),
(116, '//images.igdb.com/igdb/image/upload/t_thumb/rvwwnsmxrwkegkewqhlo.png', NULL, 35),
(117, '//images.igdb.com/igdb/image/upload/t_thumb/wh0fnoscy5eyhkdotosd.png', NULL, 35),
(118, '//images.igdb.com/igdb/image/upload/t_thumb/l7xdqj6emlchkeew1feb.png', NULL, 36),
(119, '//images.igdb.com/igdb/image/upload/t_thumb/wg4hsi2qjkwmcsaf3vks.png', NULL, 36),
(120, '//images.igdb.com/igdb/image/upload/t_thumb/xnntl2zbklhepqro5xa6.png', NULL, 37),
(121, '//images.igdb.com/igdb/image/upload/t_thumb/yympbn0gjtmibqtp9fxi.png', NULL, 37),
(122, '//images.igdb.com/igdb/image/upload/t_thumb/vcz5gwipakmuhxrvnvsb.png', NULL, 37),
(123, '//images.igdb.com/igdb/image/upload/t_thumb/qovzv91obyrvq0qvwb4k.png', NULL, 37),
(124, '//images.igdb.com/igdb/image/upload/t_thumb/e1eca89sz7nqtp0f4xft.png', NULL, 37),
(125, '//images.igdb.com/igdb/image/upload/t_thumb/y9s7qv25untipfcirlei.png', NULL, 39),
(126, '//images.igdb.com/igdb/image/upload/t_thumb/dlnozlv1jmjv5zrm3iqt.png', NULL, 39),
(127, '//images.igdb.com/igdb/image/upload/t_thumb/wwm17mai4r1jqaiggcvc.png', NULL, 39),
(128, '//images.igdb.com/igdb/image/upload/t_thumb/pahjxlwyniic8tijyu0t.png', NULL, 39),
(129, '//images.igdb.com/igdb/image/upload/t_thumb/mnokrxmkflaianxhsrkd.png', NULL, 39),
(130, '//images.igdb.com/igdb/image/upload/t_thumb/yl0nzc7itjnc6oyawagp.png', NULL, 40),
(131, '//images.igdb.com/igdb/image/upload/t_thumb/tfcu496z7nwgnkbqfvrv.png', NULL, 40),
(132, '//images.igdb.com/igdb/image/upload/t_thumb/cqiwbbgjhersmqru7339.png', NULL, 40),
(133, '//images.igdb.com/igdb/image/upload/t_thumb/ilxqfgiaxygal1srqnfz.png', NULL, 40),
(134, '//images.igdb.com/igdb/image/upload/t_thumb/txxrbak4yycdogvvjwtb.png', NULL, 40),
(135, '//images.igdb.com/igdb/image/upload/t_thumb/wkyy6zqq7qvya0klri7r.png', NULL, 41),
(136, '//images.igdb.com/igdb/image/upload/t_thumb/u5jiejfy788vbjcpahkd.png', NULL, 41),
(137, '//images.igdb.com/igdb/image/upload/t_thumb/syyspeboffyorriskhrh.png', NULL, 41),
(138, '//images.igdb.com/igdb/image/upload/t_thumb/nbrobfsaqkpb2c8d6x3f.png', NULL, 42),
(139, '//images.igdb.com/igdb/image/upload/t_thumb/bsnl27qzmcbfmsmarp6p.png', NULL, 42),
(140, '//images.igdb.com/igdb/image/upload/t_thumb/qheutgcgykhqfo9qdkm7.png', NULL, 42),
(141, '//images.igdb.com/igdb/image/upload/t_thumb/a1jehwpln0iwkczcgb1n.png', NULL, 42),
(142, '//images.igdb.com/igdb/image/upload/t_thumb/enrninlix1pv7lwen3ql.png', NULL, 42),
(143, '//images.igdb.com/igdb/image/upload/t_thumb/k16enea4cmxpiovwian7.png', NULL, 43),
(144, '//images.igdb.com/igdb/image/upload/t_thumb/mkpuyfxyeqxvz7uo38hi.png', NULL, 43),
(145, '//images.igdb.com/igdb/image/upload/t_thumb/nweuohcyygrldlj1moph.png', NULL, 43),
(146, '//images.igdb.com/igdb/image/upload/t_thumb/gotc2uayjfzf0axjpcxk.png', NULL, 43),
(147, '//images.igdb.com/igdb/image/upload/t_thumb/cd2roo4u1ibulpvchvrm.png', NULL, 43),
(148, '//images.igdb.com/igdb/image/upload/t_thumb/cqzabkenaxngrt7i1gfj.png', NULL, 44),
(149, '//images.igdb.com/igdb/image/upload/t_thumb/nimf67eqzteqii5esdik.png', NULL, 44),
(150, '//images.igdb.com/igdb/image/upload/t_thumb/bkuajcsmh8ukx7rqd3p9.png', NULL, 44),
(151, '//images.igdb.com/igdb/image/upload/t_thumb/hrlvfehxiry2pomokaoo.png', NULL, 44),
(152, '//images.igdb.com/igdb/image/upload/t_thumb/auaskph7qmu9jj9s2glu.png', NULL, 44),
(153, '//images.igdb.com/igdb/image/upload/t_thumb/itbnssv3o962v6pkey8v.png', NULL, 45),
(154, '//images.igdb.com/igdb/image/upload/t_thumb/njgli15hflghp3nlfxj7.png', NULL, 45),
(155, '//images.igdb.com/igdb/image/upload/t_thumb/uexx9huhnndi349kixzq.png', NULL, 45),
(156, '//images.igdb.com/igdb/image/upload/t_thumb/xj7b3r6hxqcvkqv6smkr.png', NULL, 45),
(157, '//images.igdb.com/igdb/image/upload/t_thumb/cnrifnfdly7cplgzlx1c.png', NULL, 46),
(158, '//images.igdb.com/igdb/image/upload/t_thumb/wpsxdxrz5iue95glymog.png', NULL, 46),
(159, '//images.igdb.com/igdb/image/upload/t_thumb/cycavpiywx3pecfztw0x.png', NULL, 46),
(160, '//images.igdb.com/igdb/image/upload/t_thumb/lzezzhpgftdvoge4aozk.png', NULL, 46),
(161, '//images.igdb.com/igdb/image/upload/t_thumb/deg2mrrlrhwet5id8yjl.png', NULL, 46),
(162, '//images.igdb.com/igdb/image/upload/t_thumb/omiokargfus1m2landzw.png', NULL, 47),
(163, '//images.igdb.com/igdb/image/upload/t_thumb/y4znag3vxgas7gde3l6z.png', NULL, 47),
(164, '//images.igdb.com/igdb/image/upload/t_thumb/kwqaoowfzjym9ibaiphj.png', NULL, 47),
(165, '//images.igdb.com/igdb/image/upload/t_thumb/vhkz6wjbdvul0elaumfp.png', NULL, 47),
(166, '//images.igdb.com/igdb/image/upload/t_thumb/qluaevyixbsq7wx2z8zl.png', NULL, 47),
(167, '//images.igdb.com/igdb/image/upload/t_thumb/hkkwlg008vqciasltf65.png', NULL, 48),
(168, '//images.igdb.com/igdb/image/upload/t_thumb/ydq0pjld3va1bdnw99mj.png', NULL, 48),
(169, '//images.igdb.com/igdb/image/upload/t_thumb/a7pkqxtj6ossyt6oepqq.png', NULL, 48),
(170, '//images.igdb.com/igdb/image/upload/t_thumb/i6uxqudxjjvwupjwt2gl.png', NULL, 49),
(171, '//images.igdb.com/igdb/image/upload/t_thumb/ns1yco3iwezeav9h6jee.png', NULL, 49),
(172, '//images.igdb.com/igdb/image/upload/t_thumb/zrmbxwlptiyrxw7z9p3x.png', NULL, 49),
(173, '//images.igdb.com/igdb/image/upload/t_thumb/fgx5lzwlmytqfzhtunzz.png', NULL, 49),
(174, '//images.igdb.com/igdb/image/upload/t_thumb/y6rjbgnagfidkyqecxuu.png', NULL, 50),
(175, '//images.igdb.com/igdb/image/upload/t_thumb/mcwj7n5odkdw0zbilv4j.png', NULL, 50),
(176, '//images.igdb.com/igdb/image/upload/t_thumb/h0rfqo0gzycq5hc8fahx.png', NULL, 50),
(177, '//images.igdb.com/igdb/image/upload/t_thumb/mrs1oohcyoubw8szcgph.png', NULL, 50),
(178, '//images.igdb.com/igdb/image/upload/t_thumb/mguo3tf0c2i4atgsu6ep.png', NULL, 50),
(179, '//images.igdb.com/igdb/image/upload/t_thumb/gecvxp7rpd1yltfthjjm.png', NULL, 51),
(180, '//images.igdb.com/igdb/image/upload/t_thumb/jtlpukx1leehhkoi3cjb.png', NULL, 51),
(181, '//images.igdb.com/igdb/image/upload/t_thumb/j0i8vshohfugiuuy6zz3.png', NULL, 51),
(182, '//images.igdb.com/igdb/image/upload/t_thumb/kbgkqpbrhmvlqnzjfolu.png', NULL, 51),
(183, '//images.igdb.com/igdb/image/upload/t_thumb/lzmrdnhiofonnoffki5w.png', NULL, 51),
(184, '//images.igdb.com/igdb/image/upload/t_thumb/t6nskhjbn5tw2pfvrcmi.png', NULL, 53),
(185, '//images.igdb.com/igdb/image/upload/t_thumb/zcsutrsmufujgprwe3o6.png', NULL, 54),
(186, '//images.igdb.com/igdb/image/upload/t_thumb/wobzjtveulaos53dlbty.png', NULL, 54),
(187, '//images.igdb.com/igdb/image/upload/t_thumb/s3hdsemb2gd2g87n0yyy.png', NULL, 54),
(188, '//images.igdb.com/igdb/image/upload/t_thumb/pwjhlbmjfmg1dy5ruu3g.png', NULL, 54),
(189, '//images.igdb.com/igdb/image/upload/t_thumb/gsexqaf8jmhkr4wmklzk.png', NULL, 54),
(190, '//images.igdb.com/igdb/image/upload/t_thumb/bxjihiort9xeueg5cfqd.png', NULL, 55),
(191, '//images.igdb.com/igdb/image/upload/t_thumb/vfmbqrwuxmdlcixbwuw2.png', NULL, 55),
(192, '//images.igdb.com/igdb/image/upload/t_thumb/j5tw5nw2gsyqrv2ijo5i.png', NULL, 55),
(193, '//images.igdb.com/igdb/image/upload/t_thumb/kim25k68ztxygzxqcocg.png', NULL, 55),
(194, '//images.igdb.com/igdb/image/upload/t_thumb/w2pp68wnxbfvk77nob1l.png', NULL, 55),
(195, '//images.igdb.com/igdb/image/upload/t_thumb/d5elopih9i1izr8bw2ps.png', NULL, 56),
(196, '//images.igdb.com/igdb/image/upload/t_thumb/wtcvolpz4ag2brenn4rq.png', NULL, 56),
(197, '//images.igdb.com/igdb/image/upload/t_thumb/xgz9zf230pw0ymdpwrab.png', NULL, 56),
(198, '//images.igdb.com/igdb/image/upload/t_thumb/o4fiasmv0qvplj2ig8js.png', NULL, 56),
(199, '//images.igdb.com/igdb/image/upload/t_thumb/rq7odnez4zytyydboih0.png', NULL, 56),
(200, '//images.igdb.com/igdb/image/upload/t_thumb/y0rnawwjyzcwtgnshxd9.png', NULL, 57),
(201, '//images.igdb.com/igdb/image/upload/t_thumb/juq0mk2pwbv9t1ztncj6.png', NULL, 57),
(202, '//images.igdb.com/igdb/image/upload/t_thumb/ov6q7vvjqysdlbzn5yao.png', NULL, 57),
(203, '//images.igdb.com/igdb/image/upload/t_thumb/r2kfnicdcup55eaingfj.png', NULL, 58),
(204, '//images.igdb.com/igdb/image/upload/t_thumb/mqqipkssoni7hauf5j3h.png', NULL, 58),
(205, '//images.igdb.com/igdb/image/upload/t_thumb/zxnpz7exng7foinpnvrw.png', NULL, 58),
(206, '//images.igdb.com/igdb/image/upload/t_thumb/flfvkjnyamdoiky7mbqi.png', NULL, 58),
(207, '//images.igdb.com/igdb/image/upload/t_thumb/kbfree6siz7cg41mqzkr.png', NULL, 58),
(208, '//images.igdb.com/igdb/image/upload/t_thumb/s7pngvtrblgmtm03uy7g.png', NULL, 59),
(209, '//images.igdb.com/igdb/image/upload/t_thumb/ntqczklasldo3r1zxlth.png', NULL, 59),
(210, '//images.igdb.com/igdb/image/upload/t_thumb/uceidcb5ikaolx6fdblf.png', NULL, 59),
(211, '//images.igdb.com/igdb/image/upload/t_thumb/kymymnszncvjkq01nyzq.png', NULL, 59),
(212, '//images.igdb.com/igdb/image/upload/t_thumb/irtsvrv7j4umajwyrhiu.png', NULL, 59),
(213, '//images.igdb.com/igdb/image/upload/t_thumb/z5t0yuhyiiui1ickwhgj.png', NULL, 60),
(214, '//images.igdb.com/igdb/image/upload/t_thumb/farvemmmxav0bgt6wx7t.png', NULL, 60),
(215, '//images.igdb.com/igdb/image/upload/t_thumb/em1y2ugcwy2myuhvb9db.png', NULL, 60),
(216, '//images.igdb.com/igdb/image/upload/t_thumb/usxccsncekxg0wd1v6ee.png', NULL, 60),
(217, '//images.igdb.com/igdb/image/upload/t_thumb/mnljdjtrh44x4snmierh.png', NULL, 60),
(218, '//images.igdb.com/igdb/image/upload/t_thumb/a4tm8fn9l9kuamxzbxgr.png', NULL, 61),
(219, '//images.igdb.com/igdb/image/upload/t_thumb/lpiena4iis6cqczalvyp.png', NULL, 61),
(220, '//images.igdb.com/igdb/image/upload/t_thumb/k8vtofhy4wxx1128z4rq.png', NULL, 63),
(221, '//images.igdb.com/igdb/image/upload/t_thumb/r7mefu40043mgglor3jc.png', NULL, 63),
(222, '//images.igdb.com/igdb/image/upload/t_thumb/q5pt64ftgqf8f2wmb9rd.png', NULL, 63),
(223, '//images.igdb.com/igdb/image/upload/t_thumb/zar9cnupwhjh8qfypxbe.png', NULL, 63),
(224, '//images.igdb.com/igdb/image/upload/t_thumb/lt8wq0h2xqkjxwmt8djk.png', NULL, 63),
(225, '//images.igdb.com/igdb/image/upload/t_thumb/clvlyvdvpddshkgrskja.png', NULL, 64),
(226, '//images.igdb.com/igdb/image/upload/t_thumb/yzwaxklpl6islrdq9evc.png', NULL, 64),
(227, '//images.igdb.com/igdb/image/upload/t_thumb/dpmpatniqq16uwp2papg.png', NULL, 64),
(228, '//images.igdb.com/igdb/image/upload/t_thumb/ir89qzbq46na5vohzhyl.png', NULL, 64),
(229, '//images.igdb.com/igdb/image/upload/t_thumb/bho8tfo2pdgujp4ttqt7.png', NULL, 65),
(230, '//images.igdb.com/igdb/image/upload/t_thumb/r6u7mvvwsgclnp4dasba.png', NULL, 65),
(231, '//images.igdb.com/igdb/image/upload/t_thumb/lfwn1xpd9sronyfh5mor.png', NULL, 65),
(232, '//images.igdb.com/igdb/image/upload/t_thumb/cum87g1wfqatilogse9w.png', NULL, 65),
(233, '//images.igdb.com/igdb/image/upload/t_thumb/areqpejmeyztpfljmvhe.png', NULL, 65),
(234, '//images.igdb.com/igdb/image/upload/t_thumb/sjiipq8z8xfmt8jj2vq8.png', NULL, 66),
(235, '//images.igdb.com/igdb/image/upload/t_thumb/alev3qbs1njqpefikagy.png', NULL, 66),
(236, '//images.igdb.com/igdb/image/upload/t_thumb/qifbztmaielk7l9xayuz.png', NULL, 67),
(237, '//images.igdb.com/igdb/image/upload/t_thumb/ijj2lfcvitqmfvqphwbe.png', NULL, 67),
(238, '//images.igdb.com/igdb/image/upload/t_thumb/uojeviq0vlvdcpkld2zr.png', NULL, 68),
(239, '//images.igdb.com/igdb/image/upload/t_thumb/ezrvpswnbfad3sy1s2fa.png', NULL, 68),
(240, '//images.igdb.com/igdb/image/upload/t_thumb/elxrjv2witfreajyehn7.png', NULL, 68),
(241, '//images.igdb.com/igdb/image/upload/t_thumb/lcldixm35mhyvhkqpxdn.png', NULL, 68),
(242, '//images.igdb.com/igdb/image/upload/t_thumb/zbxjppkunzzuvrikzmdj.png', NULL, 68),
(243, '//images.igdb.com/igdb/image/upload/t_thumb/xbt4zexiemwjavwtso2o.png', NULL, 69),
(244, '//images.igdb.com/igdb/image/upload/t_thumb/gipmzzhrgetm257dqqwo.png', NULL, 69),
(245, '//images.igdb.com/igdb/image/upload/t_thumb/jaaetnnxdvfk8khgnotg.png', NULL, 70),
(246, '//images.igdb.com/igdb/image/upload/t_thumb/zql0iz7oweyhflqjvjai.png', NULL, 71),
(247, '//images.igdb.com/igdb/image/upload/t_thumb/m4t31hsm1copcfrszxzi.png', NULL, 71),
(248, '//images.igdb.com/igdb/image/upload/t_thumb/ptjfju2puofeynhbsoex.png', NULL, 71),
(249, '//images.igdb.com/igdb/image/upload/t_thumb/t9hyovmpw5zeokaeee2s.png', NULL, 71),
(250, '//images.igdb.com/igdb/image/upload/t_thumb/dniphbj1irfsggshbw81.png', NULL, 71),
(251, '//images.igdb.com/igdb/image/upload/t_thumb/hsycs23tftukuix2ftnc.png', NULL, 72),
(252, '//images.igdb.com/igdb/image/upload/t_thumb/btsnrjrewz8md0ztije8.png', NULL, 72),
(253, '//images.igdb.com/igdb/image/upload/t_thumb/id65ty6ulps9twunpb0r.png', NULL, 72),
(254, '//images.igdb.com/igdb/image/upload/t_thumb/or16ydorr1b35aq2f8mc.png', NULL, 72),
(255, '//images.igdb.com/igdb/image/upload/t_thumb/porwa0yo3cerskw2ggcb.png', NULL, 72),
(256, '//images.igdb.com/igdb/image/upload/t_thumb/y3kpe3bviixc1nn0in6m.png', NULL, 73),
(257, '//images.igdb.com/igdb/image/upload/t_thumb/nsimoj3vnufyxzvvjz6x.png', NULL, 73),
(258, '//images.igdb.com/igdb/image/upload/t_thumb/kmbdbhycc7hzwa7trtbn.png', NULL, 73),
(259, '//images.igdb.com/igdb/image/upload/t_thumb/kzlvv9jbdvfqhsmvluxd.png', NULL, 73),
(260, '//images.igdb.com/igdb/image/upload/t_thumb/xlwkmhicvnvpx08i9xxu.png', NULL, 73),
(261, '//images.igdb.com/igdb/image/upload/t_thumb/udndibcjipri1in0pzds.png', NULL, 74),
(262, '//images.igdb.com/igdb/image/upload/t_thumb/sqp23xyc4rrhii4d0pjr.png', NULL, 74),
(263, '//images.igdb.com/igdb/image/upload/t_thumb/hfa0n6idavjca22vpdi5.png', NULL, 74),
(264, '//images.igdb.com/igdb/image/upload/t_thumb/aoytfmijqbyibar0jcvm.png', NULL, 74),
(265, '//images.igdb.com/igdb/image/upload/t_thumb/bkwvbmnhaxfkjiihkgol.png', NULL, 74),
(266, '//images.igdb.com/igdb/image/upload/t_thumb/dduypxkwf3vhxenmfhft.png', NULL, 75),
(267, '//images.igdb.com/igdb/image/upload/t_thumb/elc3vtji3dhj5jygaqcl.png', NULL, 75),
(268, '//images.igdb.com/igdb/image/upload/t_thumb/j9qihnmsyklnqyqkk9io.png', NULL, 75),
(269, '//images.igdb.com/igdb/image/upload/t_thumb/ds6vzx7s3oepi1c2uhyk.png', NULL, 75),
(270, '//images.igdb.com/igdb/image/upload/t_thumb/l8h2kduzu7gfyuoqsxpp.png', NULL, 75),
(271, '//images.igdb.com/igdb/image/upload/t_thumb/kdnyduxz07smje4xd2zz.png', NULL, 76),
(272, '//images.igdb.com/igdb/image/upload/t_thumb/dxkqfa2ijwm5tlj5hzur.png', NULL, 76),
(273, '//images.igdb.com/igdb/image/upload/t_thumb/mgcn6ewfncgrlhs2a0ow.png', NULL, 76),
(274, '//images.igdb.com/igdb/image/upload/t_thumb/ecsyabs4cgqjntczxf98.png', NULL, 76),
(275, '//images.igdb.com/igdb/image/upload/t_thumb/owudllwed9kokcskdak5.png', NULL, 77),
(276, '//images.igdb.com/igdb/image/upload/t_thumb/f9turbfqbwpgb65zmerj.png', NULL, 77),
(277, '//images.igdb.com/igdb/image/upload/t_thumb/p4dhm9gxs5skutugcsd5.png', NULL, 77),
(278, '//images.igdb.com/igdb/image/upload/t_thumb/iamdfxzf3pusi2yufvet.png', NULL, 77),
(279, '//images.igdb.com/igdb/image/upload/t_thumb/x9vyb2e8cxgszzohaz8d.png', NULL, 78),
(280, '//images.igdb.com/igdb/image/upload/t_thumb/bwporxfftunjtfsoemkq.png', NULL, 78),
(281, '//images.igdb.com/igdb/image/upload/t_thumb/thrw9e1la1xg217nepzn.png', NULL, 78),
(282, '//images.igdb.com/igdb/image/upload/t_thumb/kypu1grw5icgybrsuezy.png', NULL, 78),
(283, '//images.igdb.com/igdb/image/upload/t_thumb/m1cpopxkczkmxgmpertc.png', NULL, 78),
(284, '//images.igdb.com/igdb/image/upload/t_thumb/kmdnjjulzsajmrhanszf.png', NULL, 79),
(285, '//images.igdb.com/igdb/image/upload/t_thumb/pgvus6rylg4xveid4di0.png', NULL, 80),
(286, '//images.igdb.com/igdb/image/upload/t_thumb/lvgr88taur1abb42sdmw.png', NULL, 80),
(287, '//images.igdb.com/igdb/image/upload/t_thumb/ll9hzaysptp2to1zjiw8.png', NULL, 80),
(288, '//images.igdb.com/igdb/image/upload/t_thumb/pb3mirzwqhg61qcycvde.png', NULL, 80),
(289, '//images.igdb.com/igdb/image/upload/t_thumb/mvlkgxa1mxswaumd9ai4.png', NULL, 80),
(290, '//images.igdb.com/igdb/image/upload/t_thumb/w86omzkae8n5xt1ftit4.png', NULL, 81),
(291, '//images.igdb.com/igdb/image/upload/t_thumb/j00mnjg5vlhygfocaicw.png', NULL, 81),
(292, '//images.igdb.com/igdb/image/upload/t_thumb/zcskwxcldpqswnt0ck8p.png', NULL, 81),
(293, '//images.igdb.com/igdb/image/upload/t_thumb/z9dtj1d8n0trpohprnul.png', NULL, 81),
(294, '//images.igdb.com/igdb/image/upload/t_thumb/waxnprh5k8bjjwzclxzu.png', NULL, 81),
(295, '//images.igdb.com/igdb/image/upload/t_thumb/wdrlle5g5f7owsbevaix.png', NULL, 84),
(296, '//images.igdb.com/igdb/image/upload/t_thumb/ushaltkbqtcooswfckwh.png', NULL, 84),
(297, '//images.igdb.com/igdb/image/upload/t_thumb/scrnjjf7pyzrvktfifzg.png', NULL, 84),
(298, '//images.igdb.com/igdb/image/upload/t_thumb/rj3csep68w7cjwv5129q.png', NULL, 84),
(299, '//images.igdb.com/igdb/image/upload/t_thumb/bmnylmpuwm3rlzmed90q.png', NULL, 84),
(300, '//images.igdb.com/igdb/image/upload/t_thumb/jsjk7isuiv41k3phhydb.png', NULL, 85),
(301, '//images.igdb.com/igdb/image/upload/t_thumb/ayouyhibs15srhvynuce.png', NULL, 85),
(302, '//images.igdb.com/igdb/image/upload/t_thumb/srea5vixa8wy2glmdfeu.png', NULL, 85),
(303, '//images.igdb.com/igdb/image/upload/t_thumb/vhwatwhdolobxkcsinmy.png', NULL, 86),
(304, '//images.igdb.com/igdb/image/upload/t_thumb/lspaa7apyrbhytpc2bbv.png', NULL, 86),
(305, '//images.igdb.com/igdb/image/upload/t_thumb/sonvoonilvbyhjq8ganh.png', NULL, 86),
(306, '//images.igdb.com/igdb/image/upload/t_thumb/d5vsyopqslpgw48xpesa.png', NULL, 86),
(307, '//images.igdb.com/igdb/image/upload/t_thumb/auabjrsgfdlen1qg5drz.png', NULL, 86),
(308, '//images.igdb.com/igdb/image/upload/t_thumb/aqokemggijs1af9pabtu.png', NULL, 87),
(309, '//images.igdb.com/igdb/image/upload/t_thumb/yhm9tt5mymwfjkiexqak.png', NULL, 87),
(310, '//images.igdb.com/igdb/image/upload/t_thumb/bog8v3y4atqyazanklyt.png', NULL, 87),
(311, '//images.igdb.com/igdb/image/upload/t_thumb/imrs0gt6qhvxtiyx41nj.png', NULL, 87),
(312, '//images.igdb.com/igdb/image/upload/t_thumb/iocmaqpknjd8qqrx544o.png', NULL, 87),
(313, '//images.igdb.com/igdb/image/upload/t_thumb/rm8orl3sh5bf7fe1oqvz.png', NULL, 88),
(314, '//images.igdb.com/igdb/image/upload/t_thumb/xzl9ccsddjuz7zl77ima.png', NULL, 88),
(315, '//images.igdb.com/igdb/image/upload/t_thumb/f20ngjvue6udzmblafdm.png', NULL, 88),
(316, '//images.igdb.com/igdb/image/upload/t_thumb/yhljcqhwsoqpebblxuco.png', NULL, 88),
(317, '//images.igdb.com/igdb/image/upload/t_thumb/xaxcbodgce3qdhfcigp8.png', NULL, 89),
(318, '//images.igdb.com/igdb/image/upload/t_thumb/gb1kgar1cq2giraiuhbi.png', NULL, 89),
(319, '//images.igdb.com/igdb/image/upload/t_thumb/njhiwibnnyite3bk23sa.png', NULL, 89),
(320, '//images.igdb.com/igdb/image/upload/t_thumb/jaxehqei7omj4plngkc1.png', NULL, 90),
(321, '//images.igdb.com/igdb/image/upload/t_thumb/nihguvfomp49qaf63lbo.png', NULL, 90),
(322, '//images.igdb.com/igdb/image/upload/t_thumb/u58mosytce9qtmlzmp9u.png', NULL, 90),
(323, '//images.igdb.com/igdb/image/upload/t_thumb/f77npo33bbbmfmxevou0.png', NULL, 90),
(324, '//images.igdb.com/igdb/image/upload/t_thumb/hjnzngnrtwr82jzmmkef.png', NULL, 91),
(325, '//images.igdb.com/igdb/image/upload/t_thumb/n3t2agwuxlqggp3kryf9.png', NULL, 91),
(326, '//images.igdb.com/igdb/image/upload/t_thumb/o7q3ikzmkjxbftrd64ok.png', NULL, 91),
(327, '//images.igdb.com/igdb/image/upload/t_thumb/eepecmqsq6uqxiaukar1.png', NULL, 91),
(328, '//images.igdb.com/igdb/image/upload/t_thumb/vfdeo6kgu0o4cyzd0sng.png', NULL, 91),
(329, '//images.igdb.com/igdb/image/upload/t_thumb/glvmulyejlde31q8b70z.png', NULL, 91),
(330, '//images.igdb.com/igdb/image/upload/t_thumb/jwu0rvam128zlxj1ycfo.png', NULL, 92),
(331, '//images.igdb.com/igdb/image/upload/t_thumb/iztwlb14ufu78lwiqsuv.png', NULL, 92),
(332, '//images.igdb.com/igdb/image/upload/t_thumb/kev7yoj3y1xhsg62c5ne.png', NULL, 92),
(333, '//images.igdb.com/igdb/image/upload/t_thumb/wf5kwb8jeqp5vht61n8w.png', NULL, 92),
(334, '//images.igdb.com/igdb/image/upload/t_thumb/kegz7opr5f5qy9ycxhow.png', NULL, 92),
(335, '//images.igdb.com/igdb/image/upload/t_thumb/euc9iomkjwajdsrez7a2.png', NULL, 93),
(336, '//images.igdb.com/igdb/image/upload/t_thumb/ut0ozt6jyh7babva9bkr.png', NULL, 93),
(337, '//images.igdb.com/igdb/image/upload/t_thumb/tnzzskoy6vvxhbajji9b.png', NULL, 93),
(338, '//images.igdb.com/igdb/image/upload/t_thumb/wfx7dtl3jnwod6rrja1v.png', NULL, 93),
(339, '//images.igdb.com/igdb/image/upload/t_thumb/h9umgwidxljqna2ahszj.png', NULL, 93),
(340, '//images.igdb.com/igdb/image/upload/t_thumb/tkrlyixppttshpi7g8wl.png', NULL, 94),
(341, '//images.igdb.com/igdb/image/upload/t_thumb/wxdmdevesgb1jdhvyk5l.png', NULL, 94),
(342, '//images.igdb.com/igdb/image/upload/t_thumb/hq9lnwjvwq8bz11dwdo9.png', NULL, 94),
(343, '//images.igdb.com/igdb/image/upload/t_thumb/ctxtlpyzlo3q5hvshysw.png', NULL, 94),
(344, '//images.igdb.com/igdb/image/upload/t_thumb/io6hffcfxfgtibwwn9jl.png', NULL, 94),
(345, '//images.igdb.com/igdb/image/upload/t_thumb/fn1wbuvikoacxt4zvfxl.png', NULL, 95),
(346, '//images.igdb.com/igdb/image/upload/t_thumb/b41umzxjcehm8fozl3gf.png', NULL, 95),
(347, '//images.igdb.com/igdb/image/upload/t_thumb/qwytrspu8brvow9x9y15.png', NULL, 95),
(348, '//images.igdb.com/igdb/image/upload/t_thumb/rtu8k7vm5x4mw5hilh2z.png', NULL, 95),
(349, '//images.igdb.com/igdb/image/upload/t_thumb/tqt0sxjytiovh3g96cl0.png', NULL, 95),
(350, '//images.igdb.com/igdb/image/upload/t_thumb/botbw3mw1ikiqixqszte.png', NULL, 96),
(351, '//images.igdb.com/igdb/image/upload/t_thumb/ugcri831anamhe8e47n3.png', NULL, 96),
(352, '//images.igdb.com/igdb/image/upload/t_thumb/uedjgwztllty0irrn5ql.png', NULL, 96),
(353, '//images.igdb.com/igdb/image/upload/t_thumb/fzp2sq9uolajhwfdutku.png', NULL, 96),
(354, '//images.igdb.com/igdb/image/upload/t_thumb/kpzd8v9dxqot9vubcas9.png', NULL, 96),
(355, '//images.igdb.com/igdb/image/upload/t_thumb/pkrdkr94byeclewgfesd.png', NULL, 97),
(356, '//images.igdb.com/igdb/image/upload/t_thumb/cbqhggo1zf7gwhpavz6x.png', NULL, 97),
(357, '//images.igdb.com/igdb/image/upload/t_thumb/aygoloudn3agp1wrwwjn.png', NULL, 97),
(358, '//images.igdb.com/igdb/image/upload/t_thumb/ssas7cieqe0tqrktbeot.png', NULL, 97),
(359, '//images.igdb.com/igdb/image/upload/t_thumb/w09ezru3plfqfqjjlyty.png', NULL, 97),
(360, '//images.igdb.com/igdb/image/upload/t_thumb/nz01slzi33fchamhawcs.png', NULL, 98),
(361, '//images.igdb.com/igdb/image/upload/t_thumb/uv8pwsgbdgz8xihzt1ig.png', NULL, 98),
(362, '//images.igdb.com/igdb/image/upload/t_thumb/prngeus7m0luncezfsl5.png', NULL, 98),
(363, '//images.igdb.com/igdb/image/upload/t_thumb/vhzbxfkrjlj6ezwgi4n2.png', NULL, 98),
(364, '//images.igdb.com/igdb/image/upload/t_thumb/d6ct7tshydwn62juphp0.png', NULL, 98),
(365, '//images.igdb.com/igdb/image/upload/t_thumb/q9le6ar6chsv4exg6s3p.png', NULL, 99),
(366, '//images.igdb.com/igdb/image/upload/t_thumb/bgkapv4srpvwnuvfeiu1.png', NULL, 99),
(367, '//images.igdb.com/igdb/image/upload/t_thumb/tlpws6qmxxl3dgkcobgi.png', NULL, 100),
(368, '//images.igdb.com/igdb/image/upload/t_thumb/q3t1qy7klerz5w9dt8it.png', NULL, 100),
(369, '//images.igdb.com/igdb/image/upload/t_thumb/l6btxk13g7luxrapqhfu.png', NULL, 100),
(370, '//images.igdb.com/igdb/image/upload/t_thumb/cjntjvddp1ppxeycek0z.png', NULL, 100),
(371, '//images.igdb.com/igdb/image/upload/t_thumb/kbrvrow76fw1lvjhvzvv.png', NULL, 100),
(372, '//images.igdb.com/igdb/image/upload/t_thumb/i7thftbb635z7m05jbrr.png', NULL, 101),
(373, '//images.igdb.com/igdb/image/upload/t_thumb/urj6in7kezc8fye7aze3.png', NULL, 101),
(374, '//images.igdb.com/igdb/image/upload/t_thumb/vuubrtsskojrjgn01ufu.png', NULL, 101),
(375, '//images.igdb.com/igdb/image/upload/t_thumb/cad7svmjkokbjlndijl7.png', NULL, 101),
(376, '//images.igdb.com/igdb/image/upload/t_thumb/oe0szumhxkex2q4kz4gu.png', NULL, 101),
(377, '//images.igdb.com/igdb/image/upload/t_thumb/anfthyqqbl8wvek6dzm4.png', NULL, 102),
(378, '//images.igdb.com/igdb/image/upload/t_thumb/r1fxvoepwhya9wypudgm.png', NULL, 103),
(379, '//images.igdb.com/igdb/image/upload/t_thumb/egaahfcfvofsnosp6dgh.png', NULL, 103),
(380, '//images.igdb.com/igdb/image/upload/t_thumb/qvmknvrheolubhsgs5vc.png', NULL, 103),
(381, '//images.igdb.com/igdb/image/upload/t_thumb/bycsckkk1pcxg2dw4hua.png', NULL, 103),
(382, '//images.igdb.com/igdb/image/upload/t_thumb/gtbliipcmegna1mvdj9s.png', NULL, 103),
(383, '//images.igdb.com/igdb/image/upload/t_thumb/ig5897ucsoc3ogzumvdq.png', NULL, 104),
(384, '//images.igdb.com/igdb/image/upload/t_thumb/reoynyvufqf5xtbvdyrx.png', NULL, 104),
(385, '//images.igdb.com/igdb/image/upload/t_thumb/qfknriltcgajy7smof0x.png', NULL, 104),
(386, '//images.igdb.com/igdb/image/upload/t_thumb/zayh71rghcstf16iuvtu.png', NULL, 104),
(387, '//images.igdb.com/igdb/image/upload/t_thumb/l24epytgvcpfxrvz5eiv.png', NULL, 104),
(388, '//images.igdb.com/igdb/image/upload/t_thumb/hk4bruco13wfu1nnwovu.png', NULL, 105),
(389, '//images.igdb.com/igdb/image/upload/t_thumb/dtlqztoznyrxbvaj8u0a.png', NULL, 105),
(390, '//images.igdb.com/igdb/image/upload/t_thumb/fs1wsb78w9kn6ovbtnjy.png', NULL, 105),
(391, '//images.igdb.com/igdb/image/upload/t_thumb/w23yfsxxkcc078yrpl1e.png', NULL, 105),
(392, '//images.igdb.com/igdb/image/upload/t_thumb/rnwhhebhp5wcxca3yfch.png', NULL, 105),
(393, '//images.igdb.com/igdb/image/upload/t_thumb/zeq2ua0mdmp1xkenqtwx.png', NULL, 106),
(394, '//images.igdb.com/igdb/image/upload/t_thumb/d7kd48vtry0jnw362qx4.png', NULL, 106),
(395, '//images.igdb.com/igdb/image/upload/t_thumb/vjiehifbq6l1jxvo5ung.png', NULL, 106),
(396, '//images.igdb.com/igdb/image/upload/t_thumb/bkpdhculvgpuftpqz7rc.png', NULL, 106),
(397, '//images.igdb.com/igdb/image/upload/t_thumb/mjny7prkbsvqnzwk6vgn.png', NULL, 106),
(398, '//images.igdb.com/igdb/image/upload/t_thumb/mepn5qujlccdlkhfkwr8.png', NULL, 107),
(399, '//images.igdb.com/igdb/image/upload/t_thumb/ngyp9tw3elpfdngwc00i.png', NULL, 107),
(400, '//images.igdb.com/igdb/image/upload/t_thumb/djytg7kqip9d5dgekfew.png', NULL, 107),
(401, '//images.igdb.com/igdb/image/upload/t_thumb/tjlglyti9pi4cowyiact.png', NULL, 107),
(402, '//images.igdb.com/igdb/image/upload/t_thumb/vbs1btl6ts17zeos4g5v.png', NULL, 107),
(403, '//images.igdb.com/igdb/image/upload/t_thumb/ywnl0sqqi9wslnyw60l9.png', NULL, 108),
(404, '//images.igdb.com/igdb/image/upload/t_thumb/kpaqc6q3il0dtjhrdpcd.png', NULL, 108),
(405, '//images.igdb.com/igdb/image/upload/t_thumb/rfvuzw0pjfkxq1d820a4.png', NULL, 108),
(406, '//images.igdb.com/igdb/image/upload/t_thumb/smxamwmtgvmoqmqqmdbs.png', NULL, 108),
(407, '//images.igdb.com/igdb/image/upload/t_thumb/bsnm6temoasfzkwkhiop.png', NULL, 108),
(408, '//images.igdb.com/igdb/image/upload/t_thumb/rvn0f6wnh9742p6g2fcd.png', NULL, 109),
(409, '//images.igdb.com/igdb/image/upload/t_thumb/esorvxsuzcwpvppnmm1g.png', NULL, 109),
(410, '//images.igdb.com/igdb/image/upload/t_thumb/s1ibtjmvd1iobsudmft7.png', NULL, 109),
(411, '//images.igdb.com/igdb/image/upload/t_thumb/mvaw7so5br49vq8jphdt.png', NULL, 109),
(412, '//images.igdb.com/igdb/image/upload/t_thumb/ktaojdhcbicmno9uo2ju.png', NULL, 109),
(413, '//images.igdb.com/igdb/image/upload/t_thumb/r0zhoebm47q5ypdl4fr6.png', NULL, 110),
(414, '//images.igdb.com/igdb/image/upload/t_thumb/iqq9kirkcdpxzbcn1c35.png', NULL, 110),
(415, '//images.igdb.com/igdb/image/upload/t_thumb/vtpdnyrohwlxlqncotjo.png', NULL, 110),
(416, '//images.igdb.com/igdb/image/upload/t_thumb/oepm7lq0xt8nvriap7te.png', NULL, 110),
(417, '//images.igdb.com/igdb/image/upload/t_thumb/zu6apjb6dtuc9x0thpal.png', NULL, 110),
(418, '//images.igdb.com/igdb/image/upload/t_thumb/mjaqoyxagj354c9so0rg.png', NULL, 111),
(419, '//images.igdb.com/igdb/image/upload/t_thumb/nda03tabyxkggl4xtko1.png', NULL, 111),
(420, '//images.igdb.com/igdb/image/upload/t_thumb/s7pexlsh2hdlufgihtbx.png', NULL, 111),
(421, '//images.igdb.com/igdb/image/upload/t_thumb/wsbgelqi6clps7mfd6gn.png', NULL, 111),
(422, '//images.igdb.com/igdb/image/upload/t_thumb/byajj5pjbogyikbzhv29.png', NULL, 111),
(423, '//images.igdb.com/igdb/image/upload/t_thumb/e9zdirwfxjrmbqenfky4.png', NULL, 112),
(424, '//images.igdb.com/igdb/image/upload/t_thumb/ctzpfpru11eonftgfefh.png', NULL, 112),
(425, '//images.igdb.com/igdb/image/upload/t_thumb/lfujszvo9a4udskt3yve.png', NULL, 112),
(426, '//images.igdb.com/igdb/image/upload/t_thumb/fcwdr57wo5jwqwoavhf5.png', NULL, 112),
(427, '//images.igdb.com/igdb/image/upload/t_thumb/gh0ro3idoupokfwkx95p.png', NULL, 112),
(428, '//images.igdb.com/igdb/image/upload/t_thumb/vxqv1jdjpnsyehykvmsg.png', NULL, 113),
(429, '//images.igdb.com/igdb/image/upload/t_thumb/id5n5ygfae6xsxrkffsx.png', NULL, 113),
(430, '//images.igdb.com/igdb/image/upload/t_thumb/odkit1wmw7odlmmvxost.png', NULL, 113),
(431, '//images.igdb.com/igdb/image/upload/t_thumb/rqojiafzjrwxxprynvam.png', NULL, 113),
(432, '//images.igdb.com/igdb/image/upload/t_thumb/rq9fxydqhm930unkxla4.png', NULL, 113),
(433, '//images.igdb.com/igdb/image/upload/t_thumb/gaq2zazdgb1r01kiavgz.png', NULL, 114),
(434, '//images.igdb.com/igdb/image/upload/t_thumb/gandhrp2rigbws03src1.png', NULL, 114),
(435, '//images.igdb.com/igdb/image/upload/t_thumb/myjwiby66b6ge2mdt8oe.png', NULL, 114),
(436, '//images.igdb.com/igdb/image/upload/t_thumb/frxljlqm8d1xiefpbdhq.png', NULL, 114),
(437, '//images.igdb.com/igdb/image/upload/t_thumb/rcn1hi35udaatrailha2.png', NULL, 114),
(438, '//images.igdb.com/igdb/image/upload/t_thumb/zhisewwtngn3insf3o63.png', NULL, 115),
(439, '//images.igdb.com/igdb/image/upload/t_thumb/ldznuufiqeyjscnzu8ho.png', NULL, 115),
(440, '//images.igdb.com/igdb/image/upload/t_thumb/qpita3kyjhgrck4w0yyf.png', NULL, 115),
(441, '//images.igdb.com/igdb/image/upload/t_thumb/r9dkah09oqbyygiizjch.png', NULL, 115),
(442, '//images.igdb.com/igdb/image/upload/t_thumb/lohlm43lqsj42tqz1i58.png', NULL, 115),
(443, '//images.igdb.com/igdb/image/upload/t_thumb/og2vhbqftsdljfhornu1.png', NULL, 116),
(444, '//images.igdb.com/igdb/image/upload/t_thumb/fq8e0gyyv4kupamkawyu.png', NULL, 116),
(445, '//images.igdb.com/igdb/image/upload/t_thumb/mdi22rsmhd0eaepita2w.png', NULL, 116),
(446, '//images.igdb.com/igdb/image/upload/t_thumb/vnkudolgmkdmv0edwqqj.png', NULL, 116),
(447, '//images.igdb.com/igdb/image/upload/t_thumb/zxhpemg4tyhgrce1lgne.png', NULL, 116),
(448, '//images.igdb.com/igdb/image/upload/t_thumb/sauwnele0ld9bb9o7fjk.png', NULL, 117),
(449, '//images.igdb.com/igdb/image/upload/t_thumb/upanrughc2j2pyog4lft.png', NULL, 117),
(450, '//images.igdb.com/igdb/image/upload/t_thumb/qkigoso7yzzstljtzao5.png', NULL, 117),
(451, '//images.igdb.com/igdb/image/upload/t_thumb/m1qquyni4fty3qszr9j9.png', NULL, 117),
(452, '//images.igdb.com/igdb/image/upload/t_thumb/srynvahmehqbt9ampbqc.png', NULL, 117),
(453, '//images.igdb.com/igdb/image/upload/t_thumb/qgbk3c7ws8mapylzswat.png', NULL, 118),
(454, '//images.igdb.com/igdb/image/upload/t_thumb/bymhdw6rhislriio8n0d.png', NULL, 118),
(455, '//images.igdb.com/igdb/image/upload/t_thumb/mbidhmrrzdoxv6flh4x3.png', NULL, 118),
(456, '//images.igdb.com/igdb/image/upload/t_thumb/feoegrjyhepdrs5tubrr.png', NULL, 118),
(457, '//images.igdb.com/igdb/image/upload/t_thumb/s5wyp8ujrmjifueaypxl.png', NULL, 118),
(458, '//images.igdb.com/igdb/image/upload/t_thumb/alahwlsyaglalngudazp.png', NULL, 119),
(459, '//images.igdb.com/igdb/image/upload/t_thumb/jage7q032tctzjqnu4is.png', NULL, 120),
(460, '//images.igdb.com/igdb/image/upload/t_thumb/hsa2kr6fuwr798yqhzhm.png', NULL, 120),
(461, '//images.igdb.com/igdb/image/upload/t_thumb/yckzmzqlnoejbrqfabdp.png', NULL, 120),
(462, '//images.igdb.com/igdb/image/upload/t_thumb/gko0jchtb85kbsc1dg9l.png', NULL, 121),
(463, '//images.igdb.com/igdb/image/upload/t_thumb/gdc15kvjedin5c4v6cce.png', NULL, 121),
(464, '//images.igdb.com/igdb/image/upload/t_thumb/fmvburhlunnhs3mdqysc.png', NULL, 121),
(465, '//images.igdb.com/igdb/image/upload/t_thumb/llwixfa0dy8fpex3tcwr.png', NULL, 121),
(466, '//images.igdb.com/igdb/image/upload/t_thumb/o7ehlmbjcvkeeltwreeg.png', NULL, 121),
(467, '//images.igdb.com/igdb/image/upload/t_thumb/f1ofmig8opdii00spjxr.png', NULL, 122),
(468, '//images.igdb.com/igdb/image/upload/t_thumb/u7cqt9q9ictxokyfvmsw.png', NULL, 122),
(469, '//images.igdb.com/igdb/image/upload/t_thumb/gacuijqbhxpdm1pcww1h.png', NULL, 122),
(470, '//images.igdb.com/igdb/image/upload/t_thumb/lqmcxr99i6iykohad2id.png', NULL, 122),
(471, '//images.igdb.com/igdb/image/upload/t_thumb/gxzis0ldo8iydrwbuuzq.png', NULL, 123),
(472, '//images.igdb.com/igdb/image/upload/t_thumb/rbinvsgm6obqzpf96bzi.png', NULL, 123),
(473, '//images.igdb.com/igdb/image/upload/t_thumb/uirnlolaiqf8ts2levp8.png', NULL, 123),
(474, '//images.igdb.com/igdb/image/upload/t_thumb/v9dlanvmvvstl7gj5vxh.png', NULL, 123),
(475, '//images.igdb.com/igdb/image/upload/t_thumb/cjgjyvscwr7drs2ftilk.png', NULL, 123),
(476, '//images.igdb.com/igdb/image/upload/t_thumb/yesnrawyww0jemvxzyws.png', NULL, 125),
(477, '//images.igdb.com/igdb/image/upload/t_thumb/npnxwd6mc4dvizz7werh.png', NULL, 125),
(478, '//images.igdb.com/igdb/image/upload/t_thumb/oz6yavv9xujfs67qhipp.png', NULL, 126),
(479, '//images.igdb.com/igdb/image/upload/t_thumb/cx1uisbs7cvax2aegd91.png', NULL, 126),
(480, '//images.igdb.com/igdb/image/upload/t_thumb/krjkcopibmmehcbxqxad.png', NULL, 126),
(481, '//images.igdb.com/igdb/image/upload/t_thumb/v9zjpqsorxovsfdoyltp.png', NULL, 126),
(482, '//images.igdb.com/igdb/image/upload/t_thumb/nxhu2saleydsdhbpspqe.png', NULL, 126),
(483, '//images.igdb.com/igdb/image/upload/t_thumb/p0pbiycenqwoq4lbgjax.png', NULL, 127),
(484, '//images.igdb.com/igdb/image/upload/t_thumb/jxmi3yayalk2rzm73l3y.png', NULL, 127),
(485, '//images.igdb.com/igdb/image/upload/t_thumb/w9jy8j8n7empgyccvrfz.png', NULL, 127),
(486, '//images.igdb.com/igdb/image/upload/t_thumb/ttyhp2vwcactchiykbst.png', NULL, 127),
(487, '//images.igdb.com/igdb/image/upload/t_thumb/jsrtv9pfmxzyrd4rmlib.png', NULL, 127),
(488, '//images.igdb.com/igdb/image/upload/t_thumb/ic19dxc38gotrwwo9cwv.png', NULL, 128),
(489, '//images.igdb.com/igdb/image/upload/t_thumb/uvtpcz6s6vqhr2spuufg.png', NULL, 129),
(490, '//images.igdb.com/igdb/image/upload/t_thumb/milyqnhhy7bdvduey84r.png', NULL, 129),
(491, '//images.igdb.com/igdb/image/upload/t_thumb/fboslxc3ovthgfrev0sj.png', NULL, 129),
(492, '//images.igdb.com/igdb/image/upload/t_thumb/srewlqymjhturylu9jf5.png', NULL, 129),
(493, '//images.igdb.com/igdb/image/upload/t_thumb/itfkdyzy1kfe80x8q5xf.png', NULL, 129),
(494, '//images.igdb.com/igdb/image/upload/t_thumb/orcfbbmsscqy4mvuq7nm.png', NULL, 130),
(495, '//images.igdb.com/igdb/image/upload/t_thumb/mbvj1nvelpzhghf0nxyg.png', NULL, 130),
(496, '//images.igdb.com/igdb/image/upload/t_thumb/zwiz4xwfswvqoul2hml0.png', NULL, 130),
(497, '//images.igdb.com/igdb/image/upload/t_thumb/o0duy5ceojbnzww0bzpd.png', NULL, 130),
(498, '//images.igdb.com/igdb/image/upload/t_thumb/lpwzr8fhu7nddbk1qhbk.png', NULL, 130),
(499, '//images.igdb.com/igdb/image/upload/t_thumb/d1xeyeumwcqnxocamfdi.png', NULL, 131),
(500, '//images.igdb.com/igdb/image/upload/t_thumb/yjnenv9lejclhyk7zujj.png', NULL, 131),
(501, '//images.igdb.com/igdb/image/upload/t_thumb/pugkki4er9lqdvwub1qm.png', NULL, 131),
(502, '//images.igdb.com/igdb/image/upload/t_thumb/ymzg0zaznjz8fqy5xhnq.png', NULL, 131),
(503, '//images.igdb.com/igdb/image/upload/t_thumb/rgde6hs1ypyqu1l7y7co.png', NULL, 131),
(504, '//images.igdb.com/igdb/image/upload/t_thumb/hsrlvpz18khu3lwgolzu.png', NULL, 132),
(505, '//images.igdb.com/igdb/image/upload/t_thumb/jukzdnhwo0k6a7tu59u2.png', NULL, 132),
(506, '//images.igdb.com/igdb/image/upload/t_thumb/yjjbvjspp7giwkfmyhxi.png', NULL, 132),
(507, '//images.igdb.com/igdb/image/upload/t_thumb/vm65ewsks78jitlarbz9.png', NULL, 132),
(508, '//images.igdb.com/igdb/image/upload/t_thumb/jbhcxkmhd3ybext3ipet.png', NULL, 132);

-- --------------------------------------------------------

--
-- Structure de la table `users`
--

CREATE TABLE `users` (
  `id` int(11) NOT NULL,
  `name` varchar(45) DEFAULT NULL,
  `password` varchar(45) DEFAULT NULL,
  `pays` varchar(20) DEFAULT NULL,
  `ville` varchar(20) DEFAULT NULL,
  `email` varchar(20) DEFAULT NULL
) ENGINE=InnoDB DEFAULT CHARSET=utf8;

--
-- Contenu de la table `users`
--

INSERT INTO `users` (`id`, `name`, `password`, `pays`, `ville`, `email`) VALUES
(1, 'Fabienwesjhf', 'Fabien', 'France', 'LGC', 'test@test.fr'),
(2, 'Test', 'Test', 'Test', 'Test', 'test@test.fr'),
(3, 'Axel ', 'Axel', 'Axel', 'Axel', 'axex@axel.axel'),
(4, 'Xav', 'Xav', 'Xav', 'Xav', 'xav@xav.xav'),
(5, 'Gonz', 'Gonz', 'Gonz', 'Gonz', 'gonz@gonz.gonz'),
(6, 'Proute', 'Lol', 'Allemagne', 'Allemagne', 'prout@allemagne.de');

-- --------------------------------------------------------

--
-- Structure de la table `video`
--

CREATE TABLE `video` (
  `id` int(11) NOT NULL,
  `name` varchar(255) DEFAULT NULL,
  `jeux_id` int(11) NOT NULL
) ENGINE=InnoDB DEFAULT CHARSET=utf8;

--
-- Contenu de la table `video`
--

INSERT INTO `video` (`id`, `name`, `jeux_id`) VALUES
(1, 'Gameplay video', 34),
(2, 'Gameplay video', 34),
(3, 'Trailer', 36),
(4, 'Gameplay video', 36),
(5, 'Teaser', 39),
(6, 'Gameplay video', 39),
(7, 'Gameplay video', 39),
(8, 'Trailer', 39),
(9, 'Trailer', 40),
(10, 'Gameplay video', 40),
(11, 'Trailer', 41),
(12, 'Gameplay video', 42),
(13, 'Cinematic Trailer', 43),
(14, 'Sunshine & Slaughter Gameplay Trailer', 43),
(15, 'Trailer', 45),
(16, 'Trailer', 46),
(17, 'Trailer', 47),
(18, 'Trailer', 49),
(19, 'Trailer', 50),
(20, 'Gamescom 2015 Trailer', 51),
(21, 'Reveal Trailer', 51),
(22, 'Trailer', 52),
(23, 'Trailer', 53),
(24, 'Trailer', 53),
(25, 'Trailer', 54),
(26, 'Trailer', 55),
(27, 'Trailer', 56),
(28, 'Trailer', 57),
(29, 'Trailer', 58),
(30, 'Trailer', 59),
(31, 'The Begining trailer', 60),
(32, 'Killing Monsters Cinematic Trailer', 60),
(33, 'Downwarren Gameplay Video', 60),
(34, 'Opening Cinematic: The Trail', 60),
(35, 'Elder Blood Trailer', 60),
(36, 'Recap', 60),
(37, 'TV Spot', 60),
(38, 'Rage & Steel Trailer', 60),
(39, 'A Night to Remember Trailer', 60),
(40, 'Debut Gameplay Trailer', 60),
(41, 'Epic Trailer', 60),
(42, 'Developer Diary: Creating the Sound', 60),
(43, 'Trailer', 61),
(44, 'Trailer', 63),
(45, 'Trailer', 64),
(46, 'Gameplay video', 64),
(47, 'Trailer', 64),
(48, 'Gameplay video', 64),
(49, 'PSX 2016 Trailer', 65),
(50, 'E3 2016 Trailer', 65),
(51, 'Trailer', 65),
(52, 'E3 Gameplay video', 65),
(53, 'Trailer', 66),
(54, 'Trailer', 68),
(55, 'Trailer', 70),
(56, 'Trailer', 71),
(57, 'Trailer', 71),
(58, 'Trailer', 72),
(59, 'Launch Trailer', 73),
(60, 'Gamescom 2016 Trailer', 73),
(61, 'Japan Expo Trailer', 73),
(62, 'Announcement Trailer', 73),
(63, 'Launch Trailer', 74),
(64, 'Extended Preview Trailer', 74),
(65, 'E3 2016 Teaser', 74),
(66, 'Teaser', 75),
(67, 'Gameplay video', 75),
(68, 'Teaser', 75),
(69, 'Trailer', 76),
(70, 'Trailer', 77),
(71, 'Trailer', 78),
(72, 'Trailer', 79),
(73, 'Trailer', 79),
(74, 'Teaser', 80),
(75, 'Reveal Trailer', 80),
(76, 'Gameplay Launch Trailer', 80),
(77, 'Trailer', 81),
(78, 'Trailer', 85),
(79, 'Trailer', 86),
(80, 'Teaser', 86),
(81, 'Trailer', 87),
(82, 'Trailer', 87),
(83, 'Teaser', 87),
(84, 'Omen Cinematic Trailer', 88),
(85, 'Death Spell Gameplay Trailer', 88),
(86, 'Tokyo Game Show 2016 Trailer', 88),
(87, '52 minute Gameplay video (Official)', 88),
(88, 'E3 2016 Trailer', 88),
(89, 'Trailer', 88),
(90, 'Walkthrough video', 88),
(91, 'Niflheim Base Battle Gameplay video', 88),
(92, 'Trailer', 90),
(93, 'Gameplay video', 91),
(94, 'Trailer', 91),
(95, 'Next-gen Launch Trailer', 91),
(96, 'Happy 2K Day Trailer', 92),
(97, 'Time to Assemble Trailer', 92),
(98, 'My Career Trailer', 92),
(99, 'Momentous Trailer', 92),
(100, 'Arena Authenticity Trailer', 92),
(101, 'Prelude Trailer', 92),
(102, 'Friction Trailer', 92),
(103, 'Kobe Haters vs. Players', 92),
(104, 'Trailer', 93),
(105, 'Welcome Home Trailer', 94),
(106, 'Trailer', 94),
(107, 'Gameplay Video: Part 3', 94),
(108, 'Gameplay Video: Part 2', 94),
(109, 'Gameplay Video: Part 1', 94),
(110, 'Tape-3: Resident Evil', 94),
(111, 'Trailer', 94),
(112, 'Trailer', 94),
(113, 'Tape-2: The Bakers Trailer', 94),
(114, 'Gamescom 2016 Trailer', 94),
(115, 'E3 2016 Announcement Trailer', 94),
(116, 'Survival Mode Multiplayer Trailer', 95),
(117, 'Gameplay Demo', 95),
(118, 'E3 Gameplay video', 95),
(119, 'E3 Trailer', 95),
(120, 'Story Trailer', 95),
(121, 'Trailer', 95),
(122, 'Paris Games Week 2015 Multiplayer Trailer', 95),
(123, 'Drake Meets Nadine Trailer', 95),
(124, 'Story Trailer', 95),
(125, 'Behind the Scenes: In The End', 95),
(126, 'Developer diary #2', 95),
(127, 'Behind the Scenes: Bring to Life', 95),
(128, 'Gameplay Trailer', 96),
(129, 'CTU Spotlight: GSG 9 Trailer', 96),
(130, 'CTU Spotlight: SAS Trailer', 96),
(131, 'Art of Siege', 96),
(132, 'Closed Beta Trailer', 96),
(133, 'Gamescom 2015 Trailer', 96),
(134, 'E3 White Masks Reveal Trailer', 96),
(135, 'E3 Trailer', 96),
(136, 'E3 Terrorist Hunt Co-Op Trailer', 96),
(137, 'Operators Trailer', 96),
(138, 'Accolade Trailer', 96),
(139, 'Launch Trailer', 96),
(140, 'Trailer', 97),
(141, 'Trailer', 97),
(142, 'Trailer', 97),
(143, 'Wraith Reveal Trailer', 98),
(144, 'Launch Trailer', 98),
(145, 'Hillbilly Reveal Trailer', 98),
(146, 'Trailer', 98),
(147, 'Trailer', 98),
(148, 'Trailer', 98),
(149, 'Teaser', 98),
(150, 'Trailer', 99),
(151, 'Gameplay Online Multiplayer', 100),
(152, 'Trailer', 100),
(153, 'The Vet & The n00b Official Trailer', 100),
(154, 'Trailer', 101),
(155, 'Trailer', 101),
(156, 'Trailer', 101),
(157, 'Trailer', 101),
(158, 'Trailer', 101),
(159, 'Trailer', 102),
(160, 'Trailer', 103),
(161, 'Trailer', 104),
(162, 'Trailer', 104),
(163, 'Trailer', 105),
(164, 'Behind the Scenes 3', 106),
(165, 'King of Oros', 106),
(166, '101 Trailer', 106),
(167, 'Announcement Trailer', 106),
(168, 'Behind the Scenes Trailer', 106),
(169, 'Beast Master Trailer', 106),
(170, 'Gameplay Walkthrough #1', 106),
(171, 'Wildlife Vignette', 106),
(172, 'Trailer', 107),
(173, 'Trailer', 107),
(174, 'Trailer', 107),
(175, 'Trailer', 107),
(176, 'Trailer', 108),
(177, 'Trailer', 109),
(178, 'Trailer', 109),
(179, 'Trailer', 109),
(180, 'Trailer', 109),
(181, 'Gameplay video', 110),
(182, 'Trailer', 110),
(183, 'Teaser', 110),
(184, 'Trailer', 111),
(185, 'Announcement Teaser', 111),
(186, 'Developer Walkthrough', 111),
(187, 'Trailer', 111),
(188, 'Summer Trailer', 112),
(189, 'Rise of the Terminators', 112),
(190, 'Arsenal Trailer', 112),
(191, 'Enter the Space Hulk', 112),
(192, 'Gameplay Trailer', 112),
(193, 'Solo Campaign Gameplay Trailer 2', 112),
(194, 'Launch Trailer', 112),
(195, 'Solo Campaign Gameplay Trailer', 112),
(196, 'Gamescom 2016 Trailer', 112),
(197, 'Trailer', 113),
(198, 'Trailer', 113),
(199, 'Trailer', 113),
(200, 'Trailer', 114),
(201, 'Launch Trailer', 115),
(202, 'Gamescom 2016 Trailer', 115),
(203, 'Just Dance World Cup Trailer', 115),
(204, 'Trailer', 115),
(205, 'Trailer', 116),
(206, 'Trailer', 116),
(207, 'Trailer', 116),
(208, 'Trailer', 116),
(209, 'Teaser', 116),
(210, 'Trailer', 117),
(211, 'Gamescom 2015 Gameplay Demo', 118),
(212, 'E3 Trailer', 118),
(213, 'Descent Into Legend', 118),
(214, 'PC Tech Trailer', 118),
(215, 'Woman vs Wild episode 1', 118),
(216, 'Woman vs Wild episode 2', 118),
(217, 'Baba Yaga: Curse of the Witch Trailer', 118),
(218, 'Teaser', 120),
(219, 'PSX 2016 Trailer', 121),
(220, 'PS4 Pro Demo (4K)', 121),
(221, 'E3 2016 Gameplay Trailer', 121),
(222, 'Aloys Journey Trailer', 121),
(223, 'Trailer', 121),
(224, 'E3 Reveal Trailer', 121),
(225, 'Paris Games Week 2015 Trailer', 121),
(226, 'Trailer', 122),
(227, 'Trailer', 123),
(228, 'Teaser', 125),
(229, 'The Story Continues Dev Diary', 127),
(230, 'Trailer', 127),
(231, 'Trailer', 127),
(232, 'Trailer', 129),
(233, 'Trailer', 129),
(234, 'Gameplay video', 129),
(235, 'Trailer', 129),
(236, 'Gameplay video', 129),
(237, 'Gameplay video', 129),
(238, 'Trailer', 129),
(239, 'Launch Trailer', 130),
(240, 'Trailer', 130),
(241, 'Trailer', 130),
(242, 'Trailer', 131),
(243, 'Trailer', 131),
(244, 'Announcement Trailer', 131),
(245, 'Xbox Game Preview Trailer', 132);

--
-- Index pour les tables exportées
--

--
-- Index pour la table `amis`
--
ALTER TABLE `amis`
  ADD PRIMARY KEY (`id`),
  ADD KEY `fk_amis_users_idx` (`users_id`),
  ADD KEY `fk_amis_amis_idx` (`users_amis_id`);

--
-- Index pour la table `biblio`
--
ALTER TABLE `biblio`
  ADD PRIMARY KEY (`id`),
  ADD KEY `fk_biblio_users1_idx` (`users_id`),
  ADD KEY `fk_biblio_jeux1_idx` (`jeux_id`);

--
-- Index pour la table `categorie`
--
ALTER TABLE `categorie`
  ADD PRIMARY KEY (`id`);

--
-- Index pour la table `categorie_jeux`
--
ALTER TABLE `categorie_jeux`
  ADD PRIMARY KEY (`id`),
  ADD KEY `fk_categorie-jeux_categorie1_idx` (`categorie_id`),
  ADD KEY `fk_categorie-jeux_jeux1_idx` (`jeux_id`);

--
-- Index pour la table `jeux`
--
ALTER TABLE `jeux`
  ADD PRIMARY KEY (`id`);

--
-- Index pour la table `screen`
--
ALTER TABLE `screen`
  ADD PRIMARY KEY (`id`);

--
-- Index pour la table `users`
--
ALTER TABLE `users`
  ADD PRIMARY KEY (`id`);

--
-- Index pour la table `video`
--
ALTER TABLE `video`
  ADD PRIMARY KEY (`id`);

--
-- AUTO_INCREMENT pour les tables exportées
--

--
-- AUTO_INCREMENT pour la table `amis`
--
ALTER TABLE `amis`
  MODIFY `id` int(11) NOT NULL AUTO_INCREMENT, AUTO_INCREMENT=12;
--
-- AUTO_INCREMENT pour la table `biblio`
--
ALTER TABLE `biblio`
  MODIFY `id` int(11) NOT NULL AUTO_INCREMENT, AUTO_INCREMENT=19;
--
-- AUTO_INCREMENT pour la table `categorie`
--
ALTER TABLE `categorie`
  MODIFY `id` int(11) NOT NULL AUTO_INCREMENT, AUTO_INCREMENT=561;
--
-- AUTO_INCREMENT pour la table `categorie_jeux`
--
ALTER TABLE `categorie_jeux`
  MODIFY `id` int(11) NOT NULL AUTO_INCREMENT, AUTO_INCREMENT=164;
--
-- AUTO_INCREMENT pour la table `jeux`
--
ALTER TABLE `jeux`
  MODIFY `id` int(11) NOT NULL AUTO_INCREMENT, AUTO_INCREMENT=133;
--
-- AUTO_INCREMENT pour la table `screen`
--
ALTER TABLE `screen`
  MODIFY `id` int(11) NOT NULL AUTO_INCREMENT, AUTO_INCREMENT=509;
--
-- AUTO_INCREMENT pour la table `users`
--
ALTER TABLE `users`
  MODIFY `id` int(11) NOT NULL AUTO_INCREMENT, AUTO_INCREMENT=7;
--
-- AUTO_INCREMENT pour la table `video`
--
ALTER TABLE `video`
  MODIFY `id` int(11) NOT NULL AUTO_INCREMENT, AUTO_INCREMENT=246;
--
-- Contraintes pour les tables exportées
--

--
-- Contraintes pour la table `amis`
--
ALTER TABLE `amis`
  ADD CONSTRAINT `fk_amis_amis` FOREIGN KEY (`users_amis_id`) REFERENCES `users` (`id`) ON DELETE NO ACTION ON UPDATE NO ACTION,
  ADD CONSTRAINT `fk_amis_users` FOREIGN KEY (`users_id`) REFERENCES `users` (`id`) ON DELETE NO ACTION ON UPDATE NO ACTION;

--
-- Contraintes pour la table `biblio`
--
ALTER TABLE `biblio`
  ADD CONSTRAINT `fk_biblio_jeux1` FOREIGN KEY (`jeux_id`) REFERENCES `jeux` (`id`) ON DELETE NO ACTION ON UPDATE NO ACTION,
  ADD CONSTRAINT `fk_biblio_users1` FOREIGN KEY (`users_id`) REFERENCES `users` (`id`) ON DELETE NO ACTION ON UPDATE NO ACTION;

--
-- Contraintes pour la table `categorie_jeux`
--
ALTER TABLE `categorie_jeux`
  ADD CONSTRAINT `fk_categorie-jeux_categorie1` FOREIGN KEY (`categorie_id`) REFERENCES `categorie` (`id`) ON DELETE NO ACTION ON UPDATE NO ACTION,
  ADD CONSTRAINT `fk_categorie-jeux_jeux1` FOREIGN KEY (`jeux_id`) REFERENCES `jeux` (`id`) ON DELETE NO ACTION ON UPDATE NO ACTION;

/*!40101 SET CHARACTER_SET_CLIENT=@OLD_CHARACTER_SET_CLIENT */;
/*!40101 SET CHARACTER_SET_RESULTS=@OLD_CHARACTER_SET_RESULTS */;
/*!40101 SET COLLATION_CONNECTION=@OLD_COLLATION_CONNECTION */;
